Sample No,Job_Retention_V13,Promotion_Opportunities_V24,Job_Interest_V25,No_Work_Life_Balance_V38,Management_Relation_V42,Workplace_Relation_V43,Job_Satisfaction_V44
1,4.0,3.0,1.0,3.0,1.0,1.0,2.0
2,2.0,1.0,1.0,2.0,3.0,2.0,4.0
3,3.0,2.0,2.0,3.0,,2.0,3.0
4,3.0,3.0,2.0,4.0,2.0,2.0,2.0
5,2.0,,,,,,
6,1.0,2.0,2.0,5.0,1.0,2.0,1.0
7,,2.0,2.0,2.0,2.0,1.0,2.0
8,1.0,,,,,,
9,4.0,4.0,1.0,4.0,2.0,1.0,2.0
10,3.0,2.0,1.0,3.0,4.0,2.0,2.0
11,3.0,,,,,,
12,,2.0,2.0,3.0,1.0,1.0,2.0
13,,,,,,,
14,3.0,3.0,2.0,4.0,2.0,2.0,2.0
15,2.0,,,,,,
16,1.0,5.0,2.0,3.0,2.0,2.0,2.0
17,2.0,,,,,,
18,4.0,2.0,1.0,2.0,2.0,1.0,1.0
19,1.0,4.0,2.0,3.0,2.0,2.0,3.0
20,3.0,,,,,,
21,4.0,2.0,,5.0,1.0,,1.0
22,4.0,5.0,1.0,5.0,1.0,1.0,1.0
23,4.0,,,,,,
24,,3.0,1.0,5.0,2.0,2.0,2.0
25,4.0,3.0,2.0,4.0,1.0,1.0,2.0
26,3.0,2.0,1.0,3.0,2.0,1.0,1.0
27,3.0,1.0,1.0,3.0,5.0,1.0,2.0
28,4.0,3.0,3.0,2.0,2.0,1.0,3.0
29,3.0,3.0,2.0,3.0,1.0,1.0,2.0
30,4.0,4.0,3.0,3.0,3.0,3.0,5.0
31,4.0,1.0,1.0,5.0,2.0,2.0,1.0
32,3.0,2.0,1.0,4.0,2.0,1.0,2.0
33,4.0,2.0,2.0,4.0,1.0,1.0,1.0
34,,1.0,1.0,3.0,2.0,2.0,3.0
35,4.0,2.0,1.0,4.0,2.0,1.0,1.0
36,4.0,,,,,,
37,,,,,,,
38,3.0,4.0,2.0,4.0,2.0,2.0,2.0
39,,,,,,,
40,4.0,2.0,1.0,4.0,3.0,2.0,2.0
41,3.0,3.0,2.0,4.0,1.0,1.0,2.0
42,3.0,2.0,1.0,4.0,2.0,1.0,3.0
43,4.0,5.0,2.0,2.0,5.0,1.0,5.0
44,3.0,4.0,2.0,2.0,2.0,2.0,5.0
45,4.0,3.0,2.0,4.0,1.0,1.0,2.0
46,3.0,3.0,2.0,4.0,2.0,1.0,3.0
47,1.0,3.0,1.0,3.0,2.0,2.0,2.0
48,4.0,,1.0,4.0,1.0,1.0,2.0
49,1.0,5.0,3.0,2.0,5.0,4.0,7.0
50,4.0,3.0,2.0,3.0,1.0,1.0,3.0
51,4.0,,,,,,
52,4.0,2.0,1.0,3.0,1.0,1.0,2.0
53,1.0,3.0,1.0,4.0,2.0,1.0,3.0
54,3.0,4.0,3.0,5.0,2.0,2.0,3.0
55,1.0,5.0,3.0,2.0,2.0,1.0,4.0
56,3.0,3.0,2.0,4.0,4.0,1.0,3.0
57,,3.0,2.0,4.0,2.0,1.0,2.0
58,1.0,4.0,4.0,5.0,,,1.0
59,4.0,3.0,3.0,4.0,3.0,1.0,3.0
60,4.0,2.0,2.0,3.0,2.0,2.0,2.0
61,4.0,1.0,1.0,3.0,2.0,1.0,2.0
62,2.0,4.0,3.0,2.0,3.0,2.0,5.0
63,,3.0,2.0,4.0,2.0,2.0,2.0
64,1.0,4.0,2.0,2.0,2.0,2.0,3.0
65,2.0,3.0,2.0,3.0,,,1.0
66,,3.0,2.0,3.0,1.0,1.0,2.0
67,3.0,,,,,,
68,2.0,4.0,1.0,4.0,1.0,1.0,2.0
69,1.0,2.0,1.0,2.0,2.0,2.0,2.0
70,2.0,3.0,2.0,2.0,2.0,2.0,3.0
71,4.0,1.0,1.0,4.0,1.0,1.0,1.0
72,1.0,3.0,3.0,2.0,3.0,3.0,5.0
73,1.0,5.0,2.0,5.0,2.0,2.0,3.0
74,2.0,,,,,,
75,3.0,,,,,,
76,2.0,2.0,2.0,2.0,2.0,2.0,3.0
77,3.0,4.0,4.0,3.0,3.0,2.0,4.0
78,4.0,3.0,3.0,5.0,4.0,1.0,3.0
79,4.0,,,,,,
80,4.0,,,,,,
81,4.0,4.0,2.0,5.0,2.0,2.0,1.0
82,1.0,2.0,2.0,3.0,2.0,2.0,4.0
83,3.0,1.0,1.0,4.0,2.0,1.0,2.0
84,4.0,,,,,,
85,4.0,,,,,,
86,4.0,3.0,1.0,3.0,2.0,2.0,2.0
87,3.0,,,,,,
88,4.0,3.0,1.0,3.0,2.0,1.0,2.0
89,4.0,,,,,,
90,1.0,,,2.0,2.0,2.0,3.0
91,1.0,,,,,,
92,4.0,3.0,1.0,5.0,1.0,1.0,2.0
93,3.0,4.0,3.0,5.0,2.0,2.0,4.0
94,4.0,2.0,1.0,5.0,3.0,2.0,2.0
95,3.0,3.0,1.0,4.0,1.0,1.0,2.0
96,2.0,3.0,2.0,3.0,3.0,2.0,2.0
97,1.0,3.0,2.0,3.0,3.0,3.0,4.0
98,2.0,4.0,1.0,3.0,1.0,2.0,4.0
99,1.0,3.0,2.0,3.0,2.0,1.0,2.0
100,2.0,,,,,,
101,4.0,2.0,3.0,2.0,2.0,1.0,3.0
102,1.0,,,,,,
103,3.0,2.0,2.0,2.0,2.0,2.0,3.0
104,,,,,,,
105,4.0,,,,,,
106,3.0,2.0,2.0,2.0,2.0,2.0,3.0
107,4.0,,,,,,
108,1.0,3.0,2.0,2.0,2.0,2.0,3.0
109,4.0,2.0,1.0,3.0,2.0,1.0,2.0
110,4.0,,,,,,
111,4.0,2.0,1.0,3.0,2.0,1.0,2.0
112,2.0,4.0,2.0,2.0,3.0,2.0,5.0
113,4.0,5.0,2.0,2.0,2.0,3.0,2.0
114,4.0,,,,,,
115,4.0,,,,,,
116,4.0,5.0,2.0,2.0,4.0,1.0,4.0
117,4.0,4.0,3.0,5.0,1.0,1.0,3.0
118,4.0,3.0,2.0,5.0,2.0,2.0,2.0
119,4.0,,,,,,
120,1.0,3.0,1.0,3.0,1.0,1.0,2.0
121,,,,,,,
122,4.0,,,,,,
123,4.0,,,,,,
124,4.0,2.0,2.0,3.0,4.0,1.0,2.0
125,2.0,2.0,2.0,4.0,1.0,1.0,2.0
126,3.0,2.0,2.0,2.0,2.0,1.0,5.0
127,,2.0,2.0,,4.0,1.0,3.0
128,1.0,5.0,1.0,2.0,2.0,5.0,5.0
129,1.0,,,,,,
130,4.0,4.0,3.0,4.0,2.0,1.0,3.0
131,4.0,,,,,,
132,4.0,,,,,,
133,2.0,,,,,,
134,4.0,2.0,2.0,3.0,3.0,2.0,3.0
135,1.0,3.0,2.0,2.0,2.0,2.0,4.0
136,,,,,,,
137,1.0,4.0,2.0,3.0,4.0,1.0,5.0
138,,,,,,,
139,3.0,,,1.0,1.0,1.0,3.0
140,1.0,3.0,3.0,3.0,4.0,4.0,3.0
141,4.0,3.0,2.0,3.0,1.0,1.0,2.0
142,4.0,,,,,,
143,,,,,,,
144,,,,,,,
145,3.0,3.0,1.0,2.0,1.0,2.0,3.0
146,4.0,2.0,2.0,2.0,2.0,2.0,4.0
147,4.0,1.0,1.0,4.0,2.0,1.0,1.0
148,4.0,4.0,2.0,3.0,2.0,1.0,3.0
149,3.0,4.0,1.0,2.0,4.0,2.0,2.0
150,2.0,,,,,,
151,3.0,,,,,,
152,3.0,2.0,1.0,3.0,1.0,1.0,2.0
153,3.0,,,,,,
154,,,,,,,
155,2.0,5.0,5.0,2.0,4.0,3.0,6.0
156,1.0,3.0,1.0,5.0,1.0,1.0,1.0
157,4.0,3.0,1.0,4.0,2.0,1.0,2.0
158,4.0,3.0,3.0,5.0,1.0,2.0,2.0
159,4.0,,,,,,
160,1.0,,4.0,2.0,3.0,,5.0
161,4.0,3.0,2.0,4.0,4.0,2.0,2.0
162,1.0,5.0,5.0,5.0,3.0,3.0,4.0
163,,5.0,3.0,,3.0,1.0,2.0
164,4.0,,,,,,
165,,4.0,2.0,4.0,3.0,2.0,2.0
166,,4.0,2.0,5.0,4.0,2.0,3.0
167,2.0,3.0,3.0,3.0,2.0,2.0,4.0
168,3.0,2.0,2.0,3.0,3.0,2.0,3.0
169,3.0,,,,,,
170,4.0,1.0,1.0,1.0,1.0,1.0,2.0
171,1.0,3.0,1.0,2.0,3.0,3.0,4.0
172,,,,,,,
173,1.0,1.0,1.0,3.0,1.0,2.0,1.0
174,,,,,,,
175,4.0,3.0,1.0,3.0,2.0,1.0,2.0
176,,,,,,,
177,1.0,1.0,2.0,3.0,1.0,1.0,2.0
178,1.0,1.0,1.0,4.0,2.0,2.0,2.0
179,3.0,3.0,2.0,2.0,3.0,2.0,3.0
180,4.0,4.0,2.0,4.0,2.0,2.0,3.0
181,1.0,3.0,3.0,,,,2.0
182,3.0,3.0,1.0,3.0,3.0,3.0,3.0
183,3.0,4.0,2.0,3.0,1.0,1.0,2.0
184,,3.0,2.0,4.0,3.0,2.0,3.0
185,4.0,1.0,1.0,3.0,,,1.0
186,1.0,3.0,2.0,1.0,2.0,1.0,3.0
187,1.0,3.0,2.0,3.0,1.0,2.0,2.0
188,3.0,1.0,2.0,4.0,2.0,2.0,2.0
189,4.0,3.0,2.0,4.0,2.0,2.0,3.0
190,2.0,3.0,2.0,4.0,2.0,2.0,3.0
191,4.0,3.0,1.0,5.0,1.0,1.0,2.0
192,4.0,1.0,1.0,3.0,1.0,1.0,2.0
193,3.0,2.0,2.0,4.0,2.0,2.0,2.0
194,4.0,3.0,2.0,3.0,2.0,1.0,3.0
195,,,,,,,
196,4.0,3.0,2.0,4.0,3.0,3.0,3.0
197,1.0,3.0,3.0,3.0,5.0,1.0,5.0
198,2.0,3.0,1.0,4.0,1.0,2.0,1.0
199,1.0,5.0,3.0,3.0,3.0,3.0,4.0
200,4.0,2.0,2.0,4.0,2.0,2.0,3.0
201,4.0,,,,,,
202,1.0,,,,,,
203,1.0,3.0,2.0,2.0,2.0,2.0,3.0
204,1.0,3.0,2.0,4.0,2.0,1.0,2.0
205,2.0,,,,,,
206,4.0,2.0,1.0,2.0,2.0,2.0,2.0
207,4.0,3.0,2.0,5.0,2.0,1.0,2.0
208,2.0,,,,,,
209,4.0,,,,,,
210,,,,,,,
211,2.0,,,,,,
212,4.0,3.0,1.0,5.0,1.0,1.0,2.0
213,,,,,,,
214,4.0,,,,,,
215,3.0,4.0,1.0,5.0,1.0,1.0,2.0
216,1.0,,,,,,
217,3.0,4.0,1.0,2.0,4.0,2.0,4.0
218,3.0,3.0,2.0,4.0,1.0,1.0,2.0
219,4.0,2.0,1.0,2.0,2.0,2.0,3.0
220,3.0,3.0,2.0,4.0,2.0,1.0,3.0
221,3.0,4.0,2.0,3.0,2.0,1.0,3.0
222,3.0,,,,,,
223,3.0,4.0,2.0,5.0,3.0,,7.0
224,,,,,,,
225,,,,,,,
226,4.0,,,,,,
227,,,,,,,
228,4.0,,,,,,
229,1.0,2.0,1.0,3.0,1.0,1.0,2.0
230,3.0,2.0,2.0,4.0,1.0,1.0,2.0
231,4.0,,,,,,
232,4.0,,,,,,
233,2.0,4.0,4.0,2.0,4.0,4.0,6.0
234,4.0,3.0,2.0,4.0,5.0,4.0,3.0
235,4.0,,,,,,
236,,2.0,1.0,3.0,2.0,2.0,2.0
237,4.0,3.0,3.0,2.0,2.0,1.0,3.0
238,2.0,5.0,3.0,5.0,1.0,1.0,4.0
239,3.0,4.0,2.0,3.0,3.0,3.0,3.0
240,,,,,,,
241,1.0,5.0,,3.0,3.0,2.0,3.0
242,2.0,5.0,3.0,2.0,2.0,2.0,4.0
243,4.0,,,,,,
244,,2.0,2.0,4.0,2.0,1.0,2.0
245,4.0,3.0,2.0,3.0,2.0,2.0,3.0
246,2.0,,,,,,
247,3.0,3.0,3.0,2.0,4.0,2.0,4.0
248,,3.0,2.0,4.0,1.0,1.0,2.0
249,3.0,3.0,2.0,3.0,3.0,3.0,2.0
250,1.0,2.0,2.0,2.0,2.0,1.0,2.0
251,4.0,3.0,2.0,3.0,2.0,2.0,3.0
252,4.0,,,,,,
253,2.0,,,,,,
254,4.0,3.0,2.0,4.0,2.0,2.0,3.0
255,4.0,4.0,1.0,3.0,2.0,2.0,3.0
256,1.0,3.0,2.0,3.0,3.0,1.0,5.0
257,1.0,,,,,,
258,4.0,,,,,,
259,3.0,4.0,2.0,4.0,3.0,3.0,3.0
260,4.0,,,,,,
261,2.0,,,,,,
262,,,,,,,
263,1.0,3.0,3.0,4.0,3.0,1.0,2.0
264,3.0,,,,,,
265,1.0,2.0,2.0,5.0,2.0,2.0,2.0
266,3.0,2.0,1.0,3.0,3.0,1.0,4.0
267,,,,,,,
268,4.0,4.0,4.0,1.0,3.0,2.0,5.0
269,3.0,3.0,3.0,1.0,3.0,3.0,4.0
270,3.0,3.0,2.0,3.0,2.0,2.0,3.0
271,4.0,,,,,,
272,1.0,3.0,3.0,3.0,2.0,2.0,4.0
273,3.0,3.0,2.0,4.0,2.0,2.0,2.0
274,2.0,,,,,,
275,4.0,3.0,2.0,4.0,4.0,2.0,3.0
276,1.0,2.0,2.0,2.0,5.0,4.0,4.0
277,4.0,5.0,3.0,4.0,3.0,2.0,5.0
278,,,,,,,
279,3.0,2.0,1.0,2.0,1.0,2.0,2.0
280,3.0,3.0,2.0,5.0,2.0,1.0,2.0
281,,2.0,1.0,4.0,1.0,1.0,2.0
282,4.0,5.0,5.0,5.0,5.0,2.0,5.0
283,2.0,3.0,4.0,4.0,3.0,2.0,5.0
284,2.0,4.0,1.0,4.0,,,2.0
285,3.0,3.0,4.0,,,,
286,1.0,4.0,2.0,3.0,4.0,2.0,3.0
287,1.0,,,,,,
288,1.0,,,,,,
289,,3.0,1.0,3.0,1.0,1.0,1.0
290,,3.0,3.0,4.0,,1.0,3.0
291,3.0,,,,,,
292,4.0,2.0,1.0,3.0,1.0,1.0,1.0
293,1.0,,,2.0,3.0,3.0,4.0
294,4.0,2.0,2.0,2.0,4.0,2.0,4.0
295,,2.0,2.0,4.0,2.0,2.0,2.0
296,1.0,2.0,1.0,1.0,5.0,2.0,2.0
297,4.0,4.0,1.0,5.0,2.0,2.0,2.0
298,3.0,4.0,2.0,3.0,4.0,1.0,3.0
299,2.0,3.0,2.0,2.0,3.0,2.0,3.0
300,2.0,,,,,,
301,1.0,3.0,1.0,3.0,3.0,2.0,4.0
302,,3.0,2.0,4.0,3.0,3.0,3.0
303,,,,,,,
304,,5.0,3.0,5.0,4.0,2.0,5.0
305,4.0,4.0,3.0,3.0,3.0,2.0,5.0
306,4.0,2.0,2.0,3.0,2.0,4.0,2.0
307,4.0,1.0,1.0,5.0,2.0,2.0,2.0
308,3.0,4.0,2.0,3.0,2.0,2.0,2.0
309,3.0,3.0,1.0,1.0,1.0,1.0,2.0
310,,3.0,2.0,3.0,2.0,2.0,3.0
311,1.0,,,,,,
312,2.0,,,,,,
313,2.0,,,,,,
314,1.0,,,,,,
315,2.0,4.0,3.0,3.0,2.0,2.0,4.0
316,3.0,3.0,2.0,4.0,2.0,2.0,3.0
317,4.0,,,,,,
318,4.0,,,,,,
319,3.0,2.0,1.0,3.0,2.0,2.0,2.0
320,3.0,2.0,1.0,2.0,2.0,1.0,1.0
321,3.0,2.0,1.0,4.0,2.0,2.0,2.0
322,3.0,,,,,,
323,4.0,2.0,2.0,3.0,2.0,1.0,3.0
324,1.0,5.0,2.0,1.0,5.0,5.0,7.0
325,3.0,,,,,,
326,1.0,4.0,4.0,3.0,3.0,3.0,5.0
327,2.0,3.0,3.0,5.0,3.0,2.0,3.0
328,2.0,4.0,2.0,2.0,2.0,2.0,5.0
329,3.0,2.0,1.0,2.0,1.0,1.0,1.0
330,3.0,3.0,1.0,3.0,2.0,1.0,3.0
331,1.0,,,,,,
332,1.0,3.0,2.0,3.0,2.0,2.0,3.0
333,2.0,4.0,2.0,5.0,1.0,1.0,2.0
334,1.0,,,,,,
335,,4.0,2.0,5.0,,2.0,3.0
336,3.0,4.0,2.0,3.0,2.0,1.0,2.0
337,4.0,3.0,1.0,3.0,1.0,1.0,1.0
338,3.0,3.0,3.0,5.0,3.0,3.0,4.0
339,3.0,,,,,,
340,2.0,,,,,,
341,3.0,2.0,1.0,4.0,1.0,1.0,1.0
342,2.0,,,,,,
343,4.0,2.0,1.0,4.0,3.0,1.0,2.0
344,,2.0,1.0,,1.0,1.0,2.0
345,3.0,3.0,1.0,4.0,2.0,1.0,2.0
346,2.0,3.0,1.0,5.0,1.0,1.0,2.0
347,,,,,,,
348,3.0,3.0,2.0,3.0,2.0,2.0,3.0
349,4.0,5.0,3.0,5.0,3.0,2.0,3.0
350,3.0,5.0,2.0,3.0,2.0,2.0,5.0
351,4.0,4.0,2.0,5.0,2.0,1.0,3.0
352,,4.0,2.0,3.0,3.0,1.0,3.0
353,2.0,,,,,,
354,3.0,4.0,3.0,3.0,3.0,2.0,4.0
355,1.0,2.0,1.0,3.0,2.0,2.0,2.0
356,1.0,,,,,,
357,4.0,,,,,,
358,,,,,,,
359,4.0,4.0,2.0,2.0,4.0,2.0,3.0
360,,2.0,1.0,3.0,1.0,2.0,2.0
361,4.0,4.0,2.0,3.0,2.0,2.0,3.0
362,,3.0,2.0,3.0,2.0,2.0,3.0
363,1.0,4.0,1.0,1.0,2.0,1.0,2.0
364,,,,,,,
365,2.0,2.0,2.0,2.0,2.0,2.0,3.0
366,1.0,2.0,1.0,3.0,2.0,1.0,1.0
367,1.0,4.0,1.0,2.0,2.0,2.0,2.0
368,3.0,5.0,5.0,4.0,4.0,2.0,5.0
369,2.0,,,,,,
370,3.0,3.0,2.0,4.0,2.0,2.0,2.0
371,1.0,3.0,1.0,4.0,3.0,1.0,2.0
372,1.0,3.0,1.0,4.0,2.0,1.0,2.0
373,4.0,,,,,,
374,3.0,,,,,,
375,,3.0,2.0,3.0,2.0,1.0,3.0
376,,5.0,5.0,5.0,3.0,2.0,4.0
377,,,,,,,
378,2.0,,,,,,
379,3.0,3.0,2.0,3.0,1.0,1.0,2.0
380,3.0,,,,,,
381,4.0,4.0,2.0,5.0,2.0,1.0,2.0
382,1.0,,,,,,
383,1.0,,,,,,
384,1.0,3.0,3.0,5.0,2.0,2.0,3.0
385,4.0,,,,,,
386,4.0,4.0,2.0,4.0,1.0,1.0,2.0
387,4.0,,,,,,
388,4.0,3.0,2.0,2.0,2.0,2.0,3.0
389,2.0,,,,,,
390,2.0,4.0,2.0,4.0,2.0,2.0,3.0
391,,,,,,,
392,1.0,3.0,2.0,2.0,2.0,2.0,3.0
393,3.0,2.0,2.0,4.0,2.0,,1.0
394,1.0,3.0,2.0,4.0,1.0,1.0,2.0
395,4.0,2.0,2.0,5.0,2.0,2.0,2.0
396,3.0,3.0,2.0,3.0,3.0,1.0,3.0
397,,2.0,2.0,5.0,1.0,1.0,2.0
398,4.0,2.0,2.0,5.0,2.0,4.0,4.0
399,4.0,3.0,2.0,2.0,1.0,1.0,2.0
400,3.0,3.0,2.0,2.0,3.0,2.0,3.0
401,1.0,4.0,3.0,,,2.0,4.0
402,,,,,,,
403,4.0,,,,,,
404,1.0,3.0,2.0,4.0,1.0,1.0,2.0
405,,,,,,,
406,1.0,3.0,2.0,2.0,2.0,2.0,2.0
407,4.0,3.0,2.0,3.0,1.0,1.0,3.0
408,3.0,4.0,2.0,3.0,1.0,1.0,2.0
409,4.0,4.0,1.0,5.0,1.0,1.0,1.0
410,3.0,4.0,2.0,5.0,1.0,2.0,2.0
411,,,,,,,
412,4.0,4.0,3.0,5.0,,2.0,5.0
413,4.0,,,,,,
414,3.0,,,,,,
415,1.0,4.0,2.0,3.0,3.0,1.0,3.0
416,3.0,4.0,1.0,3.0,1.0,1.0,2.0
417,1.0,2.0,1.0,3.0,1.0,1.0,1.0
418,4.0,,,,,,
419,1.0,5.0,2.0,5.0,5.0,1.0,6.0
420,4.0,,,,,,
421,2.0,2.0,3.0,4.0,1.0,2.0,3.0
422,3.0,4.0,2.0,1.0,3.0,4.0,3.0
423,2.0,,,,,,
424,1.0,3.0,2.0,3.0,3.0,1.0,4.0
425,4.0,,,,,,
426,4.0,2.0,1.0,5.0,2.0,2.0,2.0
427,1.0,,,,,,
428,1.0,4.0,2.0,4.0,3.0,2.0,3.0
429,4.0,5.0,2.0,2.0,4.0,2.0,4.0
430,2.0,3.0,2.0,2.0,2.0,2.0,3.0
431,,,,,,,
432,3.0,3.0,1.0,2.0,2.0,1.0,3.0
433,3.0,,,,,,
434,4.0,2.0,1.0,2.0,1.0,2.0,3.0
435,,,,,,,
436,1.0,5.0,5.0,5.0,2.0,2.0,5.0
437,4.0,4.0,2.0,4.0,2.0,1.0,3.0
438,1.0,3.0,2.0,3.0,2.0,2.0,4.0
439,3.0,,,,,,
440,,,,,,,
441,1.0,4.0,5.0,4.0,3.0,2.0,6.0
442,3.0,4.0,2.0,3.0,2.0,1.0,2.0
443,,,,,,,
444,2.0,,,,,,
445,3.0,4.0,2.0,3.0,,2.0,3.0
446,1.0,,,,,,
447,,,,,,,
448,1.0,3.0,3.0,2.0,1.0,1.0,2.0
449,,,,,,,
450,1.0,4.0,2.0,3.0,2.0,2.0,3.0
451,4.0,4.0,3.0,3.0,3.0,1.0,3.0
452,1.0,,,,,,
453,,5.0,2.0,4.0,2.0,2.0,3.0
454,2.0,2.0,2.0,4.0,3.0,2.0,3.0
455,4.0,,,,,,
456,1.0,4.0,2.0,2.0,2.0,1.0,3.0
457,3.0,3.0,1.0,3.0,3.0,2.0,3.0
458,3.0,3.0,1.0,4.0,1.0,2.0,2.0
459,1.0,5.0,2.0,2.0,2.0,2.0,3.0
460,,4.0,1.0,4.0,1.0,1.0,2.0
461,3.0,,,,,,
462,3.0,,,,,,
463,,4.0,2.0,4.0,4.0,2.0,3.0
464,3.0,4.0,2.0,3.0,2.0,1.0,2.0
465,3.0,3.0,3.0,2.0,3.0,1.0,4.0
466,4.0,,,,,,
467,3.0,3.0,2.0,3.0,2.0,1.0,2.0
468,2.0,,,,,,
469,4.0,,,,,,
470,1.0,4.0,4.0,4.0,4.0,2.0,5.0
471,,,,,,,
472,1.0,,,,,,
473,2.0,,,,,,
474,4.0,3.0,1.0,1.0,2.0,2.0,2.0
475,4.0,4.0,2.0,5.0,2.0,1.0,2.0
476,,,,,,,
477,1.0,,,,,,
478,1.0,1.0,2.0,3.0,2.0,2.0,3.0
479,3.0,,,,,,
480,3.0,,,,,,
481,1.0,5.0,1.0,1.0,,1.0,1.0
482,3.0,,,,,,
483,3.0,,,,,,
484,4.0,4.0,4.0,4.0,2.0,2.0,2.0
485,4.0,4.0,4.0,5.0,1.0,1.0,2.0
486,4.0,,,,,,
487,,,,,,,
488,1.0,2.0,4.0,3.0,2.0,2.0,5.0
489,3.0,4.0,1.0,2.0,3.0,3.0,2.0
490,2.0,,,,,,
491,1.0,,,4.0,2.0,2.0,3.0
492,4.0,,,,,,
493,1.0,5.0,2.0,2.0,4.0,2.0,4.0
494,4.0,3.0,2.0,1.0,2.0,2.0,3.0
495,1.0,4.0,3.0,3.0,3.0,1.0,3.0
496,2.0,3.0,2.0,4.0,2.0,1.0,3.0
497,4.0,3.0,1.0,4.0,,2.0,1.0
498,1.0,,,,,,
499,3.0,4.0,3.0,4.0,3.0,3.0,3.0
500,4.0,4.0,2.0,4.0,2.0,2.0,3.0
501,3.0,5.0,1.0,4.0,2.0,2.0,2.0
502,1.0,,,,,,
503,1.0,3.0,2.0,4.0,2.0,1.0,1.0
504,2.0,4.0,4.0,2.0,4.0,3.0,6.0
505,1.0,,,,,,
506,4.0,,,,,,
507,3.0,4.0,2.0,3.0,2.0,1.0,2.0
508,1.0,,,,,,
509,4.0,3.0,2.0,5.0,1.0,1.0,2.0
510,,,,,,,
511,1.0,4.0,3.0,3.0,4.0,4.0,4.0
512,4.0,3.0,2.0,4.0,2.0,2.0,2.0
513,4.0,,,,,,
514,4.0,3.0,1.0,3.0,1.0,1.0,2.0
515,4.0,,,,,,
516,3.0,,,,,,
517,2.0,5.0,2.0,5.0,2.0,2.0,3.0
518,4.0,3.0,1.0,5.0,,,2.0
519,,3.0,2.0,5.0,1.0,2.0,3.0
520,3.0,,,,,,
521,3.0,2.0,2.0,2.0,4.0,3.0,2.0
522,3.0,,,,,,
523,2.0,4.0,2.0,2.0,5.0,2.0,4.0
524,1.0,3.0,1.0,3.0,2.0,1.0,2.0
525,1.0,3.0,3.0,4.0,3.0,2.0,5.0
526,,,,,,,
527,,2.0,2.0,3.0,2.0,2.0,3.0
528,4.0,,,,,,
529,,,,,,,
530,3.0,,,,,,
531,4.0,2.0,1.0,4.0,2.0,1.0,2.0
532,1.0,5.0,5.0,2.0,5.0,5.0,7.0
533,4.0,4.0,2.0,4.0,1.0,1.0,2.0
534,4.0,4.0,3.0,3.0,5.0,2.0,5.0
535,,,,,,,
536,2.0,,,,,,
537,4.0,4.0,2.0,3.0,1.0,1.0,3.0
538,2.0,3.0,2.0,4.0,3.0,3.0,3.0
539,1.0,5.0,3.0,4.0,3.0,2.0,5.0
540,2.0,2.0,2.0,3.0,1.0,1.0,2.0
541,3.0,4.0,2.0,4.0,2.0,3.0,3.0
542,1.0,,,,,,
543,4.0,,,,,,
544,3.0,,,,,,
545,1.0,4.0,2.0,4.0,2.0,2.0,3.0
546,,,,,,,
547,2.0,4.0,2.0,4.0,1.0,1.0,2.0
548,,,,,,,
549,,4.0,4.0,,2.0,1.0,3.0
550,3.0,5.0,3.0,3.0,3.0,3.0,5.0
551,3.0,,,,,,
552,3.0,,,,,,
553,1.0,,,,,,
554,3.0,5.0,5.0,5.0,3.0,2.0,3.0
555,,2.0,1.0,5.0,1.0,1.0,2.0
556,,4.0,3.0,4.0,3.0,2.0,3.0
557,,,,,,,
558,3.0,,,,,,
559,,,,,,,
560,4.0,3.0,1.0,2.0,5.0,1.0,2.0
561,4.0,,,,,,
562,1.0,3.0,2.0,3.0,2.0,1.0,3.0
563,3.0,3.0,1.0,3.0,3.0,1.0,2.0
564,3.0,,,,,,
565,1.0,2.0,2.0,3.0,3.0,2.0,2.0
566,4.0,3.0,3.0,5.0,2.0,2.0,1.0
567,2.0,3.0,1.0,3.0,2.0,1.0,3.0
568,4.0,,,,,,
569,2.0,3.0,1.0,2.0,3.0,1.0,3.0
570,,,,,,,
571,3.0,,,,,,
572,3.0,2.0,2.0,3.0,2.0,2.0,3.0
573,1.0,2.0,1.0,4.0,2.0,2.0,2.0
574,1.0,3.0,2.0,2.0,2.0,3.0,3.0
575,4.0,2.0,2.0,2.0,3.0,4.0,3.0
576,2.0,,,,,,
577,,3.0,2.0,4.0,2.0,2.0,3.0
578,4.0,,,,,,
579,3.0,3.0,2.0,3.0,2.0,1.0,2.0
580,2.0,2.0,1.0,1.0,2.0,2.0,2.0
581,,,,,,,
582,4.0,3.0,2.0,4.0,3.0,1.0,2.0
583,2.0,3.0,1.0,3.0,3.0,1.0,3.0
584,,3.0,3.0,1.0,3.0,2.0,5.0
585,,,,,,,
586,1.0,,,3.0,2.0,2.0,3.0
587,3.0,2.0,1.0,4.0,2.0,1.0,1.0
588,3.0,,,,,,
589,2.0,4.0,2.0,3.0,2.0,2.0,3.0
590,4.0,4.0,2.0,3.0,2.0,2.0,2.0
591,3.0,2.0,1.0,4.0,1.0,2.0,2.0
592,4.0,,,,,,
593,3.0,,,,,,
594,2.0,,,,,,
595,2.0,2.0,1.0,,3.0,1.0,4.0
596,,3.0,3.0,4.0,2.0,2.0,4.0
597,3.0,2.0,2.0,5.0,,1.0,3.0
598,3.0,,,,,,
599,2.0,3.0,3.0,4.0,2.0,2.0,5.0
600,4.0,,,,,,
601,,3.0,3.0,4.0,4.0,2.0,3.0
602,4.0,,,,,,
603,4.0,,,,,,
604,3.0,3.0,2.0,2.0,3.0,3.0,3.0
605,1.0,4.0,2.0,2.0,3.0,1.0,4.0
606,4.0,5.0,2.0,5.0,2.0,3.0,3.0
607,,3.0,2.0,3.0,2.0,1.0,3.0
608,1.0,,,,,,
609,4.0,3.0,2.0,3.0,2.0,4.0,3.0
610,1.0,,,,,,
611,1.0,3.0,1.0,3.0,3.0,2.0,3.0
612,1.0,4.0,3.0,4.0,2.0,1.0,3.0
613,4.0,3.0,1.0,3.0,4.0,2.0,2.0
614,1.0,,,,,,
615,2.0,3.0,2.0,1.0,2.0,2.0,5.0
616,2.0,,,,,,
617,3.0,,,,,,
618,,3.0,2.0,3.0,2.0,2.0,3.0
619,1.0,3.0,2.0,3.0,3.0,2.0,2.0
620,,4.0,2.0,4.0,2.0,2.0,2.0
621,4.0,4.0,1.0,1.0,3.0,1.0,3.0
622,4.0,,,,,,
623,3.0,2.0,2.0,3.0,2.0,2.0,2.0
624,4.0,2.0,2.0,3.0,2.0,2.0,3.0
625,,,,,,,
626,3.0,3.0,2.0,4.0,2.0,1.0,2.0
627,1.0,1.0,1.0,3.0,1.0,2.0,2.0
628,1.0,,,,,,
629,4.0,3.0,1.0,4.0,1.0,1.0,3.0
630,3.0,4.0,2.0,4.0,2.0,2.0,3.0
631,3.0,2.0,2.0,3.0,2.0,2.0,2.0
632,3.0,3.0,1.0,4.0,2.0,1.0,2.0
633,4.0,2.0,2.0,5.0,2.0,2.0,3.0
634,4.0,2.0,2.0,3.0,,,3.0
635,4.0,,,,,,
636,2.0,3.0,2.0,4.0,2.0,1.0,3.0
637,4.0,2.0,2.0,3.0,1.0,1.0,1.0
638,4.0,2.0,1.0,4.0,2.0,1.0,2.0
639,1.0,2.0,2.0,2.0,2.0,1.0,3.0
640,3.0,,,,,,
641,1.0,,,,,,
642,3.0,2.0,2.0,4.0,2.0,2.0,2.0
643,,5.0,2.0,3.0,5.0,2.0,5.0
644,,,,,,,
645,1.0,1.0,1.0,3.0,2.0,1.0,2.0
646,1.0,3.0,2.0,5.0,1.0,1.0,1.0
647,1.0,,,,,,
648,1.0,5.0,4.0,2.0,3.0,2.0,7.0
649,3.0,4.0,2.0,4.0,3.0,2.0,2.0
650,1.0,2.0,1.0,3.0,3.0,4.0,
651,2.0,2.0,2.0,3.0,1.0,1.0,2.0
652,2.0,,1.0,3.0,1.0,2.0,2.0
653,,4.0,3.0,5.0,3.0,3.0,5.0
654,3.0,2.0,2.0,3.0,2.0,2.0,2.0
655,3.0,2.0,1.0,4.0,2.0,1.0,3.0
656,4.0,3.0,3.0,3.0,2.0,2.0,4.0
657,3.0,3.0,2.0,3.0,1.0,1.0,3.0
658,1.0,2.0,2.0,2.0,4.0,2.0,3.0
659,2.0,3.0,2.0,4.0,3.0,1.0,3.0
660,2.0,,,,,,
661,2.0,3.0,5.0,5.0,2.0,2.0,4.0
662,2.0,3.0,2.0,5.0,2.0,1.0,3.0
663,3.0,3.0,2.0,5.0,2.0,2.0,3.0
664,4.0,,,,,,
665,4.0,1.0,1.0,3.0,1.0,1.0,2.0
666,4.0,,,,,,
667,4.0,3.0,1.0,5.0,1.0,1.0,1.0
668,2.0,,,,,,
669,,2.0,2.0,3.0,2.0,3.0,2.0
670,2.0,3.0,2.0,3.0,2.0,1.0,3.0
671,1.0,,,,,,
672,1.0,4.0,3.0,5.0,2.0,2.0,4.0
673,1.0,3.0,2.0,4.0,2.0,1.0,2.0
674,4.0,,,,,,
675,4.0,3.0,3.0,2.0,3.0,4.0,6.0
676,,3.0,2.0,3.0,2.0,1.0,3.0
677,1.0,,,,,,
678,4.0,3.0,3.0,4.0,2.0,2.0,3.0
679,2.0,3.0,3.0,2.0,4.0,2.0,5.0
680,4.0,,,,,,
681,1.0,,,,,,
682,1.0,2.0,1.0,3.0,3.0,1.0,1.0
683,4.0,3.0,3.0,3.0,4.0,1.0,3.0
684,3.0,2.0,2.0,2.0,1.0,1.0,4.0
685,1.0,4.0,2.0,3.0,5.0,2.0,6.0
686,4.0,,,,,,
687,3.0,1.0,2.0,3.0,3.0,2.0,3.0
688,3.0,5.0,4.0,5.0,5.0,5.0,7.0
689,1.0,1.0,2.0,4.0,1.0,1.0,3.0
690,4.0,4.0,2.0,4.0,3.0,2.0,2.0
691,4.0,,,,,,
692,3.0,3.0,3.0,3.0,2.0,2.0,3.0
693,1.0,,,,,,
694,4.0,,,,,,
695,3.0,4.0,2.0,4.0,2.0,2.0,3.0
696,3.0,3.0,2.0,3.0,1.0,1.0,4.0
697,,,,,,,
698,,,,,,,
699,4.0,,,,,,
700,4.0,2.0,2.0,2.0,2.0,1.0,3.0
701,2.0,3.0,2.0,3.0,1.0,,3.0
702,4.0,,,,,,
703,1.0,1.0,1.0,2.0,1.0,1.0,1.0
704,4.0,2.0,2.0,4.0,2.0,2.0,3.0
705,3.0,,,,,,
706,2.0,2.0,3.0,3.0,2.0,2.0,3.0
707,3.0,,,,,,
708,3.0,3.0,2.0,4.0,2.0,3.0,3.0
709,4.0,,,,,,
710,4.0,3.0,1.0,3.0,1.0,1.0,1.0
711,4.0,3.0,3.0,3.0,2.0,2.0,3.0
712,2.0,2.0,1.0,5.0,2.0,2.0,2.0
713,3.0,4.0,3.0,1.0,3.0,2.0,3.0
714,2.0,2.0,2.0,2.0,2.0,4.0,3.0
715,3.0,,,,,,
716,4.0,4.0,2.0,4.0,4.0,1.0,2.0
717,4.0,3.0,2.0,3.0,2.0,1.0,2.0
718,1.0,,,,,,
719,2.0,3.0,3.0,3.0,4.0,2.0,6.0
720,2.0,,,,,,
721,1.0,4.0,2.0,4.0,1.0,1.0,3.0
722,3.0,3.0,2.0,3.0,3.0,2.0,2.0
723,3.0,,,,,,
724,3.0,1.0,1.0,1.0,3.0,1.0,6.0
725,3.0,4.0,1.0,5.0,1.0,1.0,2.0
726,3.0,2.0,2.0,3.0,2.0,1.0,3.0
727,1.0,4.0,3.0,3.0,2.0,2.0,4.0
728,,2.0,2.0,,2.0,2.0,3.0
729,3.0,,,2.0,3.0,1.0,7.0
730,2.0,3.0,1.0,3.0,2.0,2.0,3.0
731,4.0,2.0,2.0,3.0,2.0,1.0,3.0
732,,4.0,3.0,2.0,5.0,1.0,2.0
733,4.0,2.0,2.0,4.0,2.0,2.0,2.0
734,4.0,3.0,2.0,4.0,1.0,1.0,2.0
735,3.0,2.0,1.0,2.0,1.0,1.0,2.0
736,3.0,,,,,,
737,4.0,3.0,2.0,4.0,5.0,2.0,3.0
738,,3.0,3.0,,2.0,2.0,4.0
739,,,,,,,
740,4.0,,,,,,
741,4.0,,,,,,
742,1.0,4.0,5.0,2.0,4.0,2.0,6.0
743,1.0,,,,,,
744,4.0,3.0,2.0,3.0,2.0,4.0,3.0
745,4.0,,,,,,
746,1.0,3.0,1.0,3.0,3.0,2.0,2.0
747,3.0,,,,,,
748,3.0,2.0,2.0,2.0,2.0,2.0,3.0
749,2.0,,,,,,
750,3.0,2.0,1.0,3.0,2.0,1.0,2.0
751,,,,,,,
752,4.0,,,,,,
753,1.0,2.0,2.0,2.0,3.0,2.0,2.0
754,2.0,,,,,,
755,1.0,2.0,3.0,4.0,1.0,1.0,2.0
756,,3.0,4.0,5.0,2.0,1.0,4.0
757,,3.0,3.0,3.0,3.0,3.0,
758,4.0,1.0,1.0,3.0,1.0,1.0,2.0
759,,,,,,,
760,1.0,4.0,4.0,3.0,4.0,3.0,5.0
761,1.0,2.0,2.0,3.0,3.0,3.0,3.0
762,,3.0,1.0,3.0,2.0,2.0,1.0
763,4.0,,,,,,
764,1.0,,,,,,
765,3.0,,,,,,
766,4.0,3.0,2.0,3.0,3.0,4.0,4.0
767,1.0,1.0,3.0,4.0,1.0,1.0,4.0
768,4.0,,,,,,
769,1.0,3.0,1.0,3.0,1.0,1.0,1.0
770,,,,,,,
771,4.0,4.0,2.0,4.0,2.0,2.0,3.0
772,3.0,3.0,2.0,2.0,2.0,2.0,2.0
773,3.0,1.0,2.0,3.0,1.0,1.0,2.0
774,4.0,2.0,2.0,3.0,2.0,2.0,2.0
775,,3.0,2.0,2.0,1.0,1.0,2.0
776,2.0,,,,,,
777,2.0,4.0,2.0,4.0,2.0,2.0,2.0
778,,3.0,3.0,5.0,1.0,1.0,1.0
779,3.0,4.0,2.0,3.0,2.0,1.0,4.0
780,4.0,1.0,1.0,3.0,2.0,2.0,2.0
781,2.0,4.0,2.0,3.0,1.0,1.0,4.0
782,3.0,3.0,1.0,4.0,2.0,1.0,2.0
783,4.0,3.0,3.0,2.0,3.0,1.0,3.0
784,,,,,,,
785,4.0,,,,,,
786,2.0,3.0,2.0,3.0,3.0,3.0,3.0
787,4.0,1.0,1.0,3.0,1.0,1.0,1.0
788,4.0,2.0,1.0,3.0,1.0,1.0,2.0
789,1.0,,,,,,
790,4.0,3.0,1.0,3.0,3.0,1.0,3.0
791,1.0,3.0,2.0,4.0,3.0,1.0,3.0
792,3.0,,,,,,
793,4.0,,,,,,
794,2.0,3.0,2.0,2.0,2.0,2.0,3.0
795,3.0,3.0,2.0,3.0,3.0,3.0,3.0
796,3.0,,,,,,
797,4.0,2.0,1.0,3.0,2.0,1.0,2.0
798,,,,,,,
799,4.0,,,,,,
800,3.0,1.0,1.0,3.0,2.0,1.0,2.0
801,1.0,,,,,,
802,,3.0,2.0,,,,
803,2.0,,,,,,
804,2.0,2.0,2.0,1.0,5.0,4.0,5.0
805,3.0,,,,,,
806,4.0,3.0,3.0,4.0,2.0,2.0,3.0
807,4.0,3.0,2.0,4.0,1.0,1.0,2.0
808,1.0,3.0,1.0,5.0,4.0,1.0,2.0
809,1.0,,,,,,
810,,2.0,2.0,2.0,2.0,2.0,3.0
811,4.0,3.0,1.0,5.0,2.0,1.0,2.0
812,3.0,4.0,3.0,4.0,1.0,2.0,3.0
813,2.0,,,,,,
814,2.0,3.0,2.0,3.0,1.0,1.0,2.0
815,,4.0,3.0,4.0,2.0,2.0,3.0
816,4.0,3.0,1.0,3.0,1.0,1.0,2.0
817,4.0,3.0,2.0,3.0,1.0,1.0,2.0
818,2.0,4.0,1.0,5.0,1.0,1.0,1.0
819,3.0,,,,,,
820,3.0,,,,,,
821,2.0,3.0,2.0,3.0,3.0,2.0,2.0
822,1.0,,,,,,
823,1.0,2.0,2.0,4.0,1.0,1.0,1.0
824,4.0,4.0,3.0,2.0,2.0,2.0,
825,4.0,,,,,,
826,,4.0,2.0,4.0,4.0,2.0,3.0
827,,,,,,,
828,1.0,2.0,2.0,3.0,2.0,2.0,3.0
829,4.0,4.0,4.0,3.0,4.0,2.0,5.0
830,2.0,3.0,2.0,3.0,3.0,2.0,3.0
831,1.0,4.0,3.0,3.0,3.0,2.0,4.0
832,3.0,2.0,2.0,3.0,1.0,1.0,2.0
833,,,,,,,
834,3.0,,,,,,
835,3.0,5.0,5.0,2.0,2.0,4.0,4.0
836,,4.0,1.0,5.0,1.0,1.0,1.0
837,3.0,2.0,1.0,2.0,2.0,2.0,2.0
838,2.0,1.0,2.0,3.0,3.0,2.0,5.0
839,4.0,,,,,,
840,1.0,3.0,2.0,3.0,3.0,3.0,1.0
841,3.0,2.0,2.0,4.0,2.0,1.0,3.0
842,3.0,2.0,2.0,3.0,2.0,1.0,2.0
843,,3.0,2.0,2.0,,,3.0
844,4.0,,,,,,
845,1.0,,,,,,
846,2.0,,,,,,
847,1.0,4.0,4.0,5.0,2.0,2.0,3.0
848,3.0,3.0,2.0,4.0,3.0,2.0,2.0
849,1.0,,,,,,
850,1.0,,,,,,
851,1.0,,,,,,
852,3.0,5.0,3.0,3.0,3.0,2.0,4.0
853,4.0,,,4.0,3.0,2.0,3.0
854,4.0,,,,,,
855,,,,,,,
856,3.0,,1.0,5.0,,1.0,1.0
857,4.0,3.0,2.0,3.0,3.0,1.0,2.0
858,4.0,3.0,1.0,4.0,2.0,2.0,2.0
859,3.0,3.0,2.0,5.0,1.0,1.0,3.0
860,1.0,,,,,,
861,1.0,,,,,,
862,4.0,3.0,1.0,3.0,2.0,2.0,2.0
863,3.0,5.0,1.0,4.0,2.0,,2.0
864,4.0,4.0,2.0,3.0,4.0,4.0,3.0
865,1.0,,,,,,
866,3.0,4.0,2.0,3.0,2.0,3.0,3.0
867,4.0,3.0,3.0,2.0,3.0,2.0,4.0
868,4.0,,,,,,
869,3.0,3.0,2.0,4.0,2.0,2.0,3.0
870,1.0,,,,,,
871,3.0,2.0,2.0,4.0,1.0,2.0,2.0
872,3.0,5.0,4.0,5.0,4.0,1.0,3.0
873,3.0,,,,,,
874,2.0,,,,,,
875,4.0,1.0,1.0,2.0,2.0,1.0,2.0
876,1.0,3.0,2.0,4.0,2.0,2.0,2.0
877,1.0,3.0,2.0,3.0,3.0,3.0,2.0
878,1.0,,,,,,
879,3.0,2.0,2.0,4.0,2.0,2.0,3.0
880,4.0,,,,,,
881,,3.0,2.0,3.0,4.0,1.0,3.0
882,4.0,2.0,2.0,3.0,,2.0,2.0
883,2.0,,,,,,
884,2.0,4.0,3.0,,,,5.0
885,,,,,,,
886,4.0,,,,,,
887,1.0,,,,,,
888,1.0,,,,,,
889,3.0,2.0,1.0,4.0,3.0,3.0,2.0
890,,,,,,,
891,1.0,,,,,,
892,1.0,2.0,2.0,5.0,1.0,1.0,2.0
893,3.0,3.0,1.0,4.0,1.0,1.0,2.0
894,4.0,2.0,2.0,4.0,2.0,1.0,2.0
895,4.0,3.0,3.0,4.0,4.0,3.0,4.0
896,3.0,,,,,,
897,,,,,,,
898,4.0,1.0,1.0,3.0,1.0,2.0,2.0
899,3.0,2.0,2.0,4.0,2.0,1.0,4.0
900,4.0,,,,,,
901,3.0,4.0,2.0,4.0,2.0,2.0,2.0
902,3.0,3.0,1.0,4.0,1.0,1.0,2.0
903,1.0,5.0,2.0,3.0,4.0,2.0,3.0
904,4.0,,,,,,
905,,,,,,,
906,,3.0,2.0,4.0,2.0,2.0,3.0
907,2.0,3.0,2.0,4.0,2.0,2.0,2.0
908,3.0,4.0,3.0,4.0,2.0,2.0,3.0
909,,,,,,,
910,4.0,2.0,2.0,4.0,1.0,1.0,1.0
911,3.0,3.0,2.0,3.0,1.0,1.0,2.0
912,2.0,,,,,,
913,3.0,2.0,2.0,4.0,3.0,2.0,2.0
914,4.0,2.0,1.0,4.0,1.0,1.0,2.0
915,,4.0,2.0,,,,2.0
916,4.0,,,,,,
917,1.0,3.0,2.0,4.0,2.0,1.0,2.0
918,1.0,4.0,5.0,2.0,5.0,4.0,6.0
919,2.0,4.0,2.0,5.0,1.0,1.0,2.0
920,,,,,,,
921,3.0,,,,,,
922,2.0,3.0,3.0,5.0,2.0,2.0,3.0
923,,,,,,,
924,,,,,,,
925,4.0,,,,,,
926,2.0,3.0,2.0,2.0,4.0,2.0,6.0
927,3.0,3.0,2.0,2.0,3.0,2.0,2.0
928,1.0,,,,,,
929,2.0,3.0,3.0,3.0,4.0,2.0,3.0
930,3.0,,,,,,
931,4.0,,,,,,
932,4.0,3.0,1.0,4.0,2.0,2.0,1.0
933,3.0,2.0,2.0,3.0,1.0,1.0,2.0
934,,3.0,3.0,5.0,3.0,1.0,4.0
935,2.0,3.0,2.0,5.0,3.0,2.0,3.0
936,,4.0,3.0,4.0,1.0,1.0,3.0
937,3.0,3.0,4.0,5.0,3.0,2.0,5.0
938,4.0,3.0,3.0,2.0,3.0,3.0,5.0
939,4.0,2.0,2.0,5.0,,,1.0
940,3.0,3.0,2.0,3.0,2.0,1.0,3.0
941,3.0,2.0,2.0,4.0,2.0,2.0,3.0
942,4.0,,,,,,
943,1.0,5.0,4.0,3.0,4.0,2.0,6.0
944,,3.0,2.0,4.0,2.0,1.0,3.0
945,4.0,2.0,2.0,3.0,2.0,2.0,2.0
946,4.0,,,,,,
947,3.0,,,,,,
948,1.0,,,,,,
949,4.0,3.0,1.0,4.0,2.0,1.0,1.0
950,1.0,,,,,,
951,1.0,3.0,3.0,4.0,2.0,1.0,3.0
952,3.0,1.0,1.0,3.0,2.0,1.0,
953,1.0,2.0,2.0,5.0,2.0,1.0,2.0
954,4.0,,,,,,
955,,1.0,1.0,4.0,1.0,1.0,2.0
956,,,,,,,
957,3.0,,,,,,
958,2.0,,,,,,
959,4.0,2.0,1.0,4.0,2.0,1.0,2.0
960,,2.0,1.0,4.0,1.0,1.0,1.0
961,3.0,,,,,,
962,1.0,,,,,,
963,4.0,4.0,2.0,5.0,2.0,2.0,4.0
964,3.0,3.0,1.0,2.0,2.0,1.0,2.0
965,,3.0,2.0,3.0,,3.0,2.0
966,1.0,5.0,4.0,2.0,5.0,2.0,5.0
967,3.0,,,,,,
968,,,,,,,
969,1.0,,,,,,
970,3.0,,,,,,
971,,3.0,3.0,4.0,1.0,1.0,2.0
972,1.0,,,,,,
973,,,,,,,
974,3.0,,,,,,
975,4.0,,,,,,
976,4.0,,,,,,
977,4.0,5.0,1.0,3.0,1.0,1.0,1.0
978,3.0,3.0,3.0,4.0,2.0,2.0,3.0
979,4.0,2.0,2.0,3.0,1.0,1.0,2.0
980,1.0,3.0,2.0,3.0,3.0,2.0,3.0
981,3.0,3.0,2.0,4.0,1.0,1.0,2.0
982,4.0,,,,,,
983,3.0,3.0,1.0,4.0,1.0,1.0,1.0
984,4.0,,,,,,
985,2.0,,,,,,
986,,5.0,2.0,2.0,2.0,2.0,1.0
987,4.0,,,,,,
988,3.0,2.0,1.0,2.0,2.0,2.0,2.0
989,3.0,,,,,,
990,,,,,,,
991,2.0,,,,,,
992,4.0,3.0,2.0,4.0,1.0,1.0,3.0
993,,2.0,2.0,3.0,1.0,1.0,1.0
994,4.0,,,,,,
995,2.0,,,,,,
996,4.0,,,,,,
997,3.0,2.0,1.0,4.0,1.0,1.0,2.0
998,1.0,,,,,,
999,2.0,4.0,2.0,2.0,1.0,1.0,3.0
1000,3.0,,,,,,
1001,3.0,3.0,3.0,4.0,1.0,1.0,3.0
1002,3.0,4.0,4.0,3.0,2.0,2.0,3.0
1003,2.0,,,,,,
1004,1.0,2.0,2.0,2.0,2.0,2.0,2.0
1005,4.0,,2.0,3.0,4.0,1.0,2.0
1006,2.0,,,,,,
1007,4.0,4.0,2.0,4.0,2.0,1.0,3.0
1008,1.0,,,,,,
1009,1.0,,,3.0,2.0,2.0,1.0
1010,3.0,,,,,,
1011,4.0,,,,,,
1012,3.0,3.0,2.0,3.0,2.0,1.0,2.0
1013,,,,,,,
1014,4.0,2.0,1.0,5.0,2.0,1.0,2.0
1015,3.0,4.0,2.0,3.0,2.0,1.0,3.0
1016,,2.0,2.0,4.0,4.0,2.0,3.0
1017,3.0,,,,,,
1018,4.0,3.0,1.0,4.0,1.0,1.0,2.0
1019,1.0,2.0,2.0,3.0,2.0,2.0,3.0
1020,4.0,3.0,3.0,3.0,3.0,2.0,4.0
1021,2.0,,,,,,
1022,4.0,,,,,,
1023,4.0,3.0,3.0,5.0,1.0,1.0,1.0
1024,4.0,5.0,1.0,3.0,,,2.0
1025,2.0,4.0,3.0,4.0,3.0,2.0,4.0
1026,4.0,4.0,3.0,5.0,1.0,1.0,3.0
1027,1.0,3.0,3.0,4.0,1.0,1.0,1.0
1028,,2.0,2.0,,1.0,1.0,3.0
1029,3.0,2.0,2.0,3.0,3.0,2.0,2.0
1030,1.0,,,,,,
1031,1.0,4.0,4.0,4.0,3.0,3.0,5.0
1032,3.0,,,,,,
1033,3.0,,,,,,
1034,4.0,,,,,,
1035,1.0,3.0,2.0,3.0,4.0,1.0,4.0
1036,1.0,1.0,2.0,2.0,1.0,1.0,3.0
1037,1.0,4.0,1.0,4.0,4.0,1.0,3.0
1038,3.0,2.0,1.0,3.0,1.0,1.0,3.0
1039,3.0,,1.0,4.0,1.0,1.0,1.0
1040,4.0,2.0,2.0,4.0,2.0,1.0,1.0
1041,4.0,2.0,2.0,5.0,3.0,3.0,3.0
1042,,4.0,2.0,2.0,2.0,2.0,3.0
1043,4.0,3.0,1.0,5.0,1.0,1.0,1.0
1044,3.0,,,,,,
1045,4.0,,,,,,
1046,1.0,2.0,2.0,4.0,2.0,1.0,1.0
1047,4.0,4.0,1.0,4.0,1.0,1.0,2.0
1048,3.0,4.0,1.0,4.0,2.0,1.0,2.0
1049,4.0,,,,,,
1050,4.0,3.0,2.0,5.0,1.0,1.0,2.0
1051,3.0,2.0,1.0,2.0,2.0,2.0,2.0
1052,1.0,3.0,2.0,3.0,2.0,2.0,3.0
1053,4.0,1.0,1.0,3.0,1.0,1.0,1.0
1054,,,3.0,,3.0,2.0,4.0
1055,2.0,,,,,,
1056,4.0,,,,,,
1057,3.0,4.0,2.0,3.0,3.0,2.0,4.0
1058,1.0,2.0,2.0,4.0,3.0,2.0,3.0
1059,,4.0,3.0,5.0,3.0,2.0,3.0
1060,,,2.0,5.0,1.0,1.0,1.0
1061,,3.0,1.0,5.0,,,1.0
1062,3.0,4.0,1.0,3.0,2.0,2.0,2.0
1063,,,,,,,
1064,4.0,2.0,3.0,3.0,3.0,2.0,5.0
1065,4.0,,,,,,
1066,4.0,,,,,,
1067,3.0,4.0,2.0,4.0,2.0,2.0,4.0
1068,1.0,4.0,4.0,3.0,3.0,2.0,4.0
1069,1.0,4.0,2.0,4.0,3.0,1.0,3.0
1070,2.0,3.0,3.0,3.0,2.0,2.0,7.0
1071,2.0,,,,,,
1072,3.0,3.0,3.0,4.0,2.0,2.0,3.0
1073,1.0,,,,,,
1074,2.0,,,,,,
1075,4.0,3.0,2.0,3.0,3.0,1.0,2.0
1076,,2.0,3.0,4.0,3.0,2.0,3.0
1077,4.0,1.0,1.0,3.0,5.0,3.0,6.0
1078,,,,,,,
1079,,,,,,,
1080,4.0,3.0,1.0,4.0,1.0,1.0,2.0
1081,3.0,,2.0,4.0,1.0,1.0,3.0
1082,3.0,,,,,,
1083,3.0,3.0,2.0,3.0,1.0,1.0,2.0
1084,1.0,4.0,2.0,4.0,2.0,2.0,3.0
1085,4.0,2.0,1.0,4.0,1.0,1.0,2.0
1086,2.0,,,,,,
1087,4.0,,,,,,
1088,,3.0,2.0,3.0,2.0,2.0,3.0
1089,1.0,,,,,,
1090,,,,,,,
1091,3.0,2.0,1.0,3.0,1.0,2.0,3.0
1092,4.0,3.0,4.0,4.0,2.0,1.0,4.0
1093,1.0,3.0,1.0,4.0,3.0,2.0,3.0
1094,4.0,3.0,2.0,5.0,1.0,1.0,1.0
1095,1.0,3.0,3.0,3.0,2.0,2.0,3.0
1096,1.0,4.0,2.0,5.0,2.0,2.0,2.0
1097,1.0,3.0,1.0,2.0,2.0,1.0,2.0
1098,3.0,4.0,2.0,2.0,3.0,2.0,3.0
1099,3.0,,,,,,
1100,1.0,,,,,,
1101,3.0,,,,,,
1102,4.0,3.0,1.0,3.0,1.0,1.0,2.0
1103,3.0,2.0,2.0,4.0,2.0,1.0,2.0
1104,1.0,3.0,2.0,3.0,4.0,1.0,3.0
1105,1.0,,,,,,
1106,1.0,,,,,,
1107,4.0,2.0,2.0,4.0,3.0,1.0,4.0
1108,,1.0,1.0,3.0,2.0,2.0,2.0
1109,3.0,3.0,2.0,2.0,3.0,2.0,3.0
1110,1.0,3.0,2.0,2.0,2.0,1.0,4.0
1111,3.0,,,,,,
1112,4.0,,,,,,
1113,2.0,3.0,3.0,4.0,2.0,1.0,2.0
1114,,,,,,,
1115,2.0,,,,,,
1116,,3.0,2.0,4.0,3.0,1.0,4.0
1117,3.0,,,,,,
1118,4.0,3.0,2.0,4.0,2.0,2.0,2.0
1119,4.0,,,,,,
1120,3.0,2.0,2.0,3.0,3.0,3.0,3.0
1121,4.0,2.0,2.0,3.0,1.0,1.0,1.0
1122,2.0,,,,,,
1123,4.0,,,,,,
1124,3.0,2.0,2.0,4.0,1.0,1.0,1.0
1125,1.0,4.0,1.0,2.0,4.0,2.0,3.0
1126,2.0,4.0,3.0,4.0,4.0,2.0,5.0
1127,,,,,,,
1128,3.0,,,,,,
1129,3.0,,,,,,
1130,2.0,,,,,,
1131,3.0,1.0,1.0,4.0,3.0,2.0,2.0
1132,2.0,4.0,3.0,2.0,5.0,4.0,6.0
1133,3.0,,,,,,
1134,4.0,,,,,,
1135,,,,,,,
1136,3.0,,,,,,
1137,3.0,2.0,2.0,4.0,1.0,1.0,2.0
1138,4.0,,,,,,
1139,,,,,,,
1140,1.0,,,,,,
1141,4.0,3.0,3.0,3.0,2.0,2.0,3.0
1142,3.0,,,,,,
1143,,3.0,2.0,2.0,3.0,1.0,2.0
1144,1.0,3.0,3.0,3.0,3.0,3.0,4.0
1145,,,,,,,
1146,,5.0,3.0,,,,5.0
1147,,,,,,,
1148,4.0,,,,,,
1149,2.0,,,,,,
1150,,3.0,1.0,5.0,2.0,2.0,2.0
1151,2.0,3.0,4.0,3.0,3.0,4.0,5.0
1152,1.0,4.0,3.0,3.0,2.0,1.0,2.0
1153,,5.0,2.0,5.0,1.0,2.0,1.0
1154,4.0,3.0,2.0,3.0,3.0,1.0,3.0
1155,,3.0,2.0,4.0,3.0,1.0,2.0
1156,1.0,,,,,,
1157,,,,,,,
1158,4.0,2.0,3.0,3.0,3.0,2.0,4.0
1159,1.0,5.0,1.0,2.0,2.0,2.0,1.0
1160,,3.0,2.0,3.0,2.0,1.0,3.0
1161,2.0,,,,,,
1162,1.0,3.0,1.0,3.0,3.0,2.0,4.0
