Promotion_Opportunities_V24,Job_Interest_V25,No_Work_Life_Balance_V38,Management_Relation_V42,Workplace_Relation_V43,PCA1,PCA2,PCA3,PCA4,Job_Satisfaction_V44
3,2,4,2,2,0.31856460537807235,0.35637198193455305,0.49719595955713075,0.12111433334820648,2
1,1,4,1,1,-2.437381793882583,-0.16008183343183724,0.8375209297105611,0.5691187420119522,1
2,2,4,1,1,-1.5140660382760316,0.6549537768586917,0.019007785978449397,0.8587639257362163,1
2,1,2,2,2,-0.4670843101875345,-1.8917964076426115,0.12061671387394766,0.017883102294510875,2
3,2,5,1,1,-1.1926543869486923,1.7238922800126308,0.16130256737093288,0.1685429561165698,1
2,1,5,1,2,-1.3623691351488154,0.5871610979578639,1.5817104143263607,-0.09505045020463423,1
3,3,1,2,2,1.0581355496982294,-1.3306636902154925,-1.658704354982759,1.2873944393626855,2
3,2,2,2,2,0.45623144541901706,-1.0767607973520823,-0.697896429858164,0.3075282860187751,2
4,1,3,2,2,0.24457241248761613,-0.47048579097805104,-0.19233991804873266,-1.269351860609498,3
4,2,3,2,2,0.7776430967463562,-0.007822294198143334,-0.5556016484656804,-0.38269268360087144,3
4,2,1,2,2,0.9153099367873009,-1.440955073484779,-1.750694037880975,-0.19627873093030285,5
2,1,3,2,1,-1.2895187376144355,-0.8535344462350559,0.11626820535827921,-0.10137565144383358,2
4,3,2,4,2,2.7571163308252964,-0.9202418604025974,-0.8533198062492174,0.2637987167296238,3
2,1,3,2,1,-1.2895187376144355,-0.8535344462350559,0.11626820535827921,-0.10137565144383358,2
4,3,3,3,2,1.99949834590496,0.12558286591124238,-0.5873184952120991,0.3372791169010472,3
1,2,1,1,1,-1.697810849562426,-1.8471175055818827,-1.3183793848293288,1.735398848026431,1
4,2,2,3,3,2.288862089073121,-1.3753425922762208,-0.21970825627948293,-0.43012130636923473,4
2,3,3,3,2,1.219008203209337,-0.5791613611100002,0.3231843314182286,1.5313071034697714,3
2,1,4,2,2,-0.6047511502284791,-0.45866362835597596,1.3157091032892425,-0.1685308503760577,2
3,3,3,3,2,1.6092532745571484,-0.2267892475993789,-0.1320670818969353,0.9342931101854094,6
4,1,5,2,2,0.10690557244667147,0.9626469883085843,1.002752471366562,-1.4557658132800666,1
1,1,3,2,2,-0.9261628015558182,-1.5276021315099149,1.173414321896759,0.5216901192435888,2
4,2,4,1,1,-0.7335758955804085,1.3596980038799344,-0.8914950406518782,-0.3352640608325081,3
3,2,3,1,1,-1.0549875469077477,0.29075950072599516,-1.0337898220443618,0.35495690878713837,3
4,1,4,4,4,3.0605101370797283,-1.055827218204253,2.272085450446605,-1.6438300351520774,1
3,2,4,3,2,1.0073491702779362,0.027113645264031115,0.8287408432276598,-0.045573043158501275,3
4,1,2,5,2,2.37975952720768,-2.174827190632935,0.20474853825520756,-1.6762070137943368,3
3,3,4,2,2,0.8516352896368125,0.8190354787144608,0.1339342291401829,1.0077735103568328,2
5,4,2,3,3,3.7452485289384123,-0.09764348520578449,-1.4014831304285422,0.746183054363656,2
2,1,3,1,1,-1.9783033025142993,-0.5242761095645339,-0.21527667831224997,0.06531172506287418,2
3,4,4,3,3,2.827091546201845,0.6307450670596086,0.7041120856170802,1.7537970882618115,5
4,5,1,4,3,4.645692126769678,-1.0331768282503373,-1.5754947585674441,2.156375824485221,7
2,2,4,1,1,-1.5140660382760316,0.6549537768586917,0.019007785978449397,0.8587639257362163,2
2,1,2,2,2,-0.4670843101875345,-1.8917964076426115,0.12061671387394766,0.017883102294510875,2
4,2,4,2,2,0.7088096767258839,0.7087440954451745,0.041944546241966876,-0.4758996599361557,3
5,2,4,4,2,2.476623877873423,0.40259953561475165,0.24978290026786135,-1.4062884062339336,3
5,2,4,3,3,2.5414403203799876,0.4101623005210358,0.520132719820648,-1.2135492523241656,3
5,2,5,2,2,1.030221328053223,1.7776825985991132,0.1842393276344504,-1.1661206295558024,3
3,2,2,2,1,-0.2973695619874115,-0.7550652255878445,-1.29979113308148,0.28147650861571494,3
1,1,4,2,2,-0.9949962215762905,-0.811035741866597,1.7709605166044065,0.4284831429083045,2
2,2,2,4,2,1.4435555038709331,-2.0876495842037475,0.42044475079805815,0.5711675262897217,5
2,1,3,1,1,-1.9783033025142993,-0.5242761095645339,-0.21527667831224997,0.06531172506287418,2
5,2,4,1,1,-0.34333082423259703,1.7120701173905557,-1.3467464539670422,-0.9322780541168703,1
5,1,2,1,1,-0.7387346684503924,-0.18372615867598774,-2.1785771129653893,-1.6325232784549282,2
2,1,3,2,3,0.21768327719842173,-1.4969255897635316,1.3200576118049112,-0.04927209663771326,3
4,3,3,2,3,2.064314788411525,0.13314563081752648,-0.3169686756593123,0.5300182708108152,5
2,1,4,2,2,-0.6047511502284791,-0.45866362835597596,1.3157091032892425,-0.1685308503760577,2
3,2,5,1,1,-1.1926543869486923,1.7238922800126308,0.16130256737093288,0.1685429561165698,1
1,1,4,1,1,-2.437381793882583,-0.16008183343183724,0.8375209297105611,0.5691187420119522,2
3,2,5,1,1,-1.1926543869486923,1.7238922800126308,0.16130256737093288,0.1685429561165698,1
3,2,4,1,1,-1.12382096692822,1.007325890369313,-0.43624362733671435,0.2617499324518541,3
4,1,1,2,2,0.3822392525285607,-1.9036185702646866,-1.3874323074640271,-1.0829379079389294,3
4,4,2,2,2,1.9126178852843085,0.20093830971835414,-1.8796713040072235,1.4838326467516654,5
3,2,4,2,1,-0.43503640202835614,0.678067553698791,-0.10469874366618519,0.09506255594514632,3
3,3,5,3,3,2.2251874419226327,0.8846479599230186,1.6649200107416755,0.7739309349179011,4
2,1,4,2,1,-1.3583521576349078,-0.13696805659173805,0.7138144000659264,-0.19458262777911786,3
3,2,5,2,1,-0.5038698220488285,1.3946339433421087,0.49284745104146216,0.001855579609862033,4
3,2,3,3,2,1.0761825902984086,-0.6894527443792865,0.2311946485200125,0.04763393317678302,3
5,3,5,2,2,1.563292012311963,2.240346095379021,-0.1790224027824975,-0.27946145254717575,3
4,3,4,1,1,-0.20050521132166846,1.8223615006598421,-1.254756771068826,0.5513951161761184,3
5,3,3,3,3,3.1433444246592,0.1562594076576259,-0.4406752053039472,-0.23368309898025474,1
3,2,3,3,3,1.8297835977048371,-1.0111483161435244,0.8330893517433284,0.07368571057984319,1
1,1,5,1,1,-2.5062152139030553,0.5564845562114805,1.4350671244182087,0.4759117656766678,2
2,1,3,2,2,-0.5359177302080068,-1.1752300179992938,0.7181629085815951,-0.07532387404077341,2
4,2,3,2,2,0.7776430967463562,-0.007822294198143334,-0.5556016484656804,-0.38269268360087144,3
3,1,2,1,1,-1.5192248111460156,-0.8884703856972301,-1.2680742863350614,-0.4384952918862037,2
5,4,5,2,3,2.8499637039771315,2.3813140203946905,0.05961057002387055,0.6332495018645108,5
3,1,3,2,2,-0.14567265886019537,-0.8228579044886722,0.2629114952664312,-0.6723378673251356,2
4,2,4,2,1,-0.044791330680544666,1.0304396672094123,-0.5599501569813491,-0.5019514373392158,3
3,2,4,2,1,-0.43503640202835614,0.678067553698791,-0.10469874366618519,0.09506255594514632,3
2,2,5,2,2,-0.14051388599021142,0.7205662580672496,1.549993567579942,0.6249213502972844,2
2,1,5,2,2,-0.6735845702489514,0.25790276128734174,1.91325529799689,-0.261737826711342,2
3,2,2,2,2,0.45623144541901706,-1.0767607973520823,-0.697896429858164,0.3075282860187751,3
4,3,3,2,2,1.3107137810050962,0.4548412025817643,-0.9188633788826283,0.503966493407755,3
2,2,4,1,1,-1.5140660382760316,0.6549537768586917,0.019007785978449397,0.8587639257362163,2
2,1,2,1,2,-1.1558688750873984,-1.5625380709720893,-0.21092816979658155,0.18457047880121866,2
1,1,5,2,2,-1.063829641596763,-0.09446935222327935,2.3685067113120537,0.33527616657302023,2
2,2,2,2,2,0.06598637407120558,-1.4291329108627038,-0.24264501654300022,0.9045422793031372,4
3,1,5,1,1,-1.7257250712074326,1.2612287832327231,0.5245642977878807,-0.7181162208920565,1
2,2,2,2,2,0.06598637407120558,-1.4291329108627038,-0.24264501654300022,0.9045422793031372,4
1,1,3,1,1,-2.3685483738621107,-0.8766482230751548,0.2399747350029138,0.6623257183472364,1
4,2,3,2,2,0.7776430967463562,-0.007822294198143334,-0.5556016484656804,-0.38269268360087144,3
4,2,5,2,2,0.6399762567054116,1.425310485088492,0.6394907409496142,-0.56910663627144,3
2,2,3,2,2,-0.0028470459492667376,-0.7125665212193858,0.3549011781646472,0.811335302967853,3
5,2,5,4,2,2.407790457852951,1.1191659252580692,0.8473290949755088,-1.4994953825692179,3
3,1,3,2,2,-0.14567265886019537,-0.8228579044886722,0.2629114952664312,-0.6723378673251356,2
1,1,4,2,2,-0.9949962215762905,-0.811035741866597,1.7709605166044065,0.4284831429083045,1
2,2,3,1,1,-1.4452326182555593,-0.061612612784626035,-0.5785384087291979,0.9519709020715006,3
3,4,3,2,2,1.4535393939160246,0.5651325858510509,-0.8268736959844122,1.9876396637007432,3
2,1,2,2,2,-0.4670843101875345,-1.8917964076426115,0.12061671387394766,0.017883102294510875,3
2,2,2,2,2,0.06598637407120558,-1.4291329108627038,-0.24264501654300022,0.9045422793031372,3
2,1,3,1,1,-1.9783033025142993,-0.5242761095645339,-0.21527667831224997,0.06531172506287418,2
3,1,4,2,1,-0.9681070862870962,0.21540405691888329,0.25856298675076267,-0.7915966210634799,3
2,3,3,2,2,0.5302236383094733,-0.24990302443947823,-0.008360552252300606,1.697994479976479,4
2,1,3,2,2,-0.5359177302080068,-1.1752300179992938,0.7181629085815951,-0.07532387404077341,3
5,5,1,2,3,3.658368068317761,-0.02228804139867243,-2.693835939223667,1.8927365842142743,7
2,1,5,1,1,-2.115970142555244,0.9088566697221017,0.9798157111030447,-0.1211022276076944,1
4,2,2,3,3,2.288862089073121,-1.3753425922762208,-0.21970825627948293,-0.43012130636923473,3
4,2,4,2,2,0.7088096767258839,0.7087440954451745,0.041944546241966876,-0.4758996599361557,3
2,2,2,2,2,0.06598637407120558,-1.4291329108627038,-0.24264501654300022,0.9045422793031372,3
4,1,2,2,2,0.3134058325080884,-1.187052180621369,-0.78988611275638,-1.1761448842742137,3
3,2,2,2,2,0.45623144541901706,-1.0767607973520823,-0.697896429858164,0.3075282860187751,2
2,1,4,2,1,-1.3583521576349078,-0.13696805659173805,0.7138144000659264,-0.19458262777911786,2
3,2,5,1,2,-0.43905337954226376,1.4021967082483928,0.7631972705942488,0.19459473351962997,2
2,2,4,2,2,-0.0716804659697391,0.003999868423931804,0.9524473728722945,0.7181283266325686,3
2,2,3,2,2,-0.0028470459492667376,-0.7125665212193858,0.3549011781646472,0.811335302967853,2
3,2,3,2,1,-0.3662029820078838,-0.03849883594452679,-0.7022449383738326,0.1882695322804306,3
2,1,1,1,1,-1.8406364624733547,-1.9574088888511694,-1.4103690677275447,0.25172567773344273,1
2,2,4,2,2,-0.0716804659697391,0.003999868423931804,0.9524473728722945,0.7181283266325686,3
3,2,4,2,1,-0.43503640202835614,0.678067553698791,-0.10469874366618519,0.09506255594514632,3
3,2,5,1,1,-1.1926543869486923,1.7238922800126308,0.16130256737093288,0.1685429561165698,1
3,1,4,1,1,-1.6568916511869602,0.5446623935894053,-0.07298189691976657,-0.6249092445567722,2
5,1,5,2,2,0.497150643794483,1.3150191018192054,0.5475010580513981,-2.0527798065644283,2
2,2,4,2,2,-0.0716804659697391,0.003999868423931804,0.9524473728722945,0.7181283266325686,3
4,1,3,1,1,-1.1978131598186763,0.18046811745670885,-1.1257795049425778,-1.1287162615058504,2
5,2,5,2,2,1.030221328053223,1.7776825985991132,0.1842393276344504,-1.1661206295558024,3
5,2,3,2,2,1.1678881680941677,0.3445498193124778,-1.0108530617808442,-0.9797066768852335,3
4,1,2,4,2,1.690974962307816,-1.8455688539624129,-0.12679634541532167,-1.5095196372876292,3
1,1,2,1,2,-1.5461139464352098,-1.9149101844827106,0.24432324351858228,0.7815844720855808,3
4,2,3,2,2,0.7776430967463562,-0.007822294198143334,-0.5556016484656804,-0.38269268360087144,3
5,2,2,1,1,-0.20566398419165235,0.2789373381039199,-2.5418388433823367,-0.7458641014463016,3
2,1,4,1,1,-2.0471367225347716,0.19229028007878393,0.38226951639539725,-0.0278952512724101,2
3,2,2,2,2,0.45623144541901706,-1.0767607973520823,-0.697896429858164,0.3075282860187751,3
4,4,3,4,2,3.221353595063564,0.2589880260206279,-0.6190353419585177,1.0572509174029656,3
2,2,5,2,1,-0.8941148933966399,1.0422618298314874,0.948098864356626,0.5988695728942243,2
4,1,4,1,1,-1.2666465798391486,0.8970345071000265,-0.5282333102349305,-1.2219232378411347,2
3,2,3,4,2,1.7649671551982724,-1.0187110810498086,0.5627395321905417,-0.11905344332992475,3
4,1,2,2,2,0.3134058325080884,-1.187052180621369,-0.78988611275638,-1.1761448842742137,2
2,1,3,2,1,-1.2895187376144355,-0.8535344462350559,0.11626820535827921,-0.10137565144383358,2
4,2,3,3,2,1.46642766164622,-0.33708063086866535,-0.22405676479515127,-0.5493800601075792,4
5,1,2,2,1,-0.04995010355052856,-0.5129844953465097,-1.8470322292948598,-1.799210654961636,3
4,4,5,2,2,1.7061176252228916,2.350637478648307,-0.08703271988428142,1.2042117177458125,3
3,2,4,2,1,-0.43503640202835614,0.678067553698791,-0.10469874366618519,0.09506255594514632,1
4,4,3,4,4,4.7285556098764205,-0.3844031175078477,0.584754064488114,1.109354472209086,4
2,2,3,1,1,-1.4452326182555593,-0.061612612784626035,-0.5785384087291979,0.9519709020715006,2
4,4,2,4,4,4.797389029896893,-1.1009695071511656,-0.012792130219533362,1.2025614485443703,5
2,3,3,1,1,-0.9121619339968191,0.4010508839952816,-0.9418001391461457,1.8386300790801267,3
3,2,3,2,2,0.3873980253985447,-0.3601944077087647,-0.10035023515051662,0.21432130968349078,2
2,4,3,2,1,0.3096933151617848,0.5344560441046673,-0.9735169858925643,2.5586018795820458,4
3,2,5,3,2,0.9385157502574639,0.7436800349073489,1.4262870379353072,-0.13878001949378554,3
2,1,4,1,1,-2.0471367225347716,0.19229028007878393,0.38226951639539725,-0.0278952512724101,3
5,4,5,3,3,3.5387482688769953,2.0520556837241686,0.39115545369439975,0.466562125357803,4
4,2,2,2,2,0.8464765167668286,-0.724388683841461,-1.1531478431733277,-0.28948570726558714,2
4,1,2,3,2,1.0021903974079522,-1.516310517291891,-0.45834122908585084,-1.3428322607809213,3
1,1,3,2,2,-0.9261628015558182,-1.5276021315099149,1.173414321896759,0.5216901192435888,2
3,1,3,2,2,-0.14567265886019537,-0.8228579044886722,0.2629114952664312,-0.6723378673251356,2
4,2,4,1,2,0.020025111826020018,1.0380024321156964,-0.2896003374285623,-0.30921228342944795,3
2,2,4,2,2,-0.0716804659697391,0.003999868423931804,0.9524473728722945,0.7181283266325686,2
1,1,5,1,1,-2.5062152139030553,0.5564845562114805,1.4350671244182087,0.4759117656766678,1
2,2,2,2,2,0.06598637407120558,-1.4291329108627038,-0.24264501654300022,0.9045422793031372,3
3,2,3,1,1,-1.0549875469077477,0.29075950072599516,-1.0337898220443618,0.35495690878713837,3
2,1,3,1,1,-1.9783033025142993,-0.5242761095645339,-0.21527667831224997,0.06531172506287418,2
4,2,3,3,1,0.7128266542397916,-0.015385059104427437,-0.8259514680184672,-0.5754318375106393,3
4,1,4,2,1,-0.5778620149392847,0.5677761704295046,-0.19668842656440122,-1.3886106143478425,3
4,3,2,5,2,3.4459008957251602,-1.2495001970731194,-0.5217749225786882,0.09711134022291602,6
2,2,2,2,1,-0.6876146333352229,-1.1074373390984658,-0.8445397197663161,0.8784905019000772,2
5,1,5,1,1,-0.9452349285118093,1.9659730102539656,-0.38593852884244695,-1.9121442074607808,1
4,1,4,5,2,2.2420926871667355,-0.7416944113462992,1.3998409276705024,-1.8626209664649054,1
5,5,4,2,1,1.944665793443487,2.770802271059756,-2.1049867615473565,1.561012100402301,3
2,2,4,1,2,-0.7604650308696029,0.33325820509445375,0.6209024892017653,0.8848157031392764,2
3,2,4,1,1,-1.12382096692822,1.007325890369313,-0.43624362733671435,0.2617499324518541,2
4,1,4,2,1,-0.5778620149392847,0.5677761704295046,-0.19668842656440122,-1.3886106143478425,2
2,1,5,1,2,-1.3623691351488154,0.5871610979578639,1.5817104143263607,-0.09505045020463423,1
4,3,4,2,2,1.2418803609846238,1.171407592225082,-0.321317184174981,0.4107595170724707,3
3,2,2,2,2,0.45623144541901706,-1.0767607973520823,-0.697896429858164,0.3075282860187751,3
3,1,3,1,3,-0.08085621635363074,-0.8152951395823882,0.5332613148192179,-0.47959871341536764,1
3,2,4,2,1,-0.43503640202835614,0.678067553698791,-0.10469874366618519,0.09506255594514632,2
3,1,5,2,2,-0.28333949890113996,0.6102748747979632,1.458003884681726,-0.8587518199957042,2
4,1,4,2,2,0.1757389924671438,0.24608059866526671,0.40520627665891473,-1.3625588369447823,2
5,2,5,1,2,0.3414367631533593,2.1069409352696353,-0.14730555603607884,-0.9994332530490945,3
3,2,5,3,1,0.1849147428510354,1.0653756066715867,0.8243923347119911,-0.1648317968968457,3
5,3,5,2,3,2.3168930197183917,1.918650523614783,0.42287230044081847,-0.25340967514411555,3
4,2,3,3,3,2.2200286690526485,-0.6587762026329032,0.3778379384281647,-0.523328282704519,2
2,1,4,2,2,-0.6047511502284791,-0.45866362835597596,1.3157091032892425,-0.1685308503760577,3
2,2,3,1,2,-0.6916316108491306,-0.38330818454886395,0.023356294494118038,0.9780226794745607,3
4,1,2,2,3,1.067006839914517,-1.5087477523856068,-0.1879914095330641,-1.1500931068711535,3
4,1,3,2,2,0.24457241248761613,-0.47048579097805104,-0.19233991804873266,-1.269351860609498,2
1,1,5,1,1,-2.5062152139030553,0.5564845562114805,1.4350671244182087,0.4759117656766678,2
3,1,2,2,2,-0.07683923883972305,-1.5394242941319902,-0.33463469944121615,-0.5791308909898513,2
4,3,2,3,2,2.0683317659254326,-0.5909835237320754,-1.1848646899197466,0.4304860932363315,3
2,2,5,1,1,-1.582899458296504,1.3715201665020096,0.6165539806860968,0.765556949400932,1
5,4,4,2,2,2.1651961165911753,1.986443202515611,-1.1398303279070925,0.7004047007967349,4
2,2,5,1,1,-1.582899458296504,1.3715201665020096,0.6165539806860968,0.765556949400932,1
4,1,2,1,1,-1.128979739798204,-0.536098272186609,-1.723325699650225,-1.035509285170566,1
3,1,4,3,3,1.2278794934256245,-0.7572454232801143,1.7938972768679238,-0.9061804427640674,2
2,1,4,2,1,-1.3583521576349078,-0.13696805659173805,0.7138144000659264,-0.19458262777911786,2
3,3,1,2,2,1.0581355496982294,-1.3306636902154925,-1.658704354982759,1.2873944393626855,5
3,2,3,2,1,-0.3662029820078838,-0.03849883594452679,-0.7022449383738326,0.1882695322804306,3
1,1,1,1,1,-2.230881533821166,-2.3097810023617904,-0.955117654412381,0.848739671017805,1
4,1,4,2,1,-0.5778620149392847,0.5677761704295046,-0.19668842656440122,-1.3886106143478425,2
3,2,4,2,2,0.31856460537807235,0.35637198193455305,0.49719595955713075,0.12111433334820648,3
3,2,3,2,2,0.3873980253985447,-0.3601944077087647,-0.10035023515051662,0.21432130968349078,3
3,3,3,2,2,0.9204687096572848,0.10246908907114305,-0.4636119655674644,1.100980486692117,4
4,1,5,3,1,0.042089129940106745,0.9550842234023003,0.7324026518137753,-1.6485049671898344,3
3,2,5,2,1,-0.5038698220488285,1.3946339433421087,0.49284745104146216,0.001855579609862033,2
4,2,4,1,2,0.020025111826020018,1.0380024321156964,-0.2896003374285623,-0.30921228342944795,2
5,5,5,5,5,6.95659009774832,1.212811363634557,1.894772897065142,1.0719501041591342,7
2,2,3,3,1,-0.06766348845583145,-0.72012928612567,0.08455135861186049,0.6185961490580851,3
3,2,5,2,2,0.24973118535760008,1.0729383715778706,1.0947421542647782,0.027907357012922192,2
2,2,1,2,1,-0.6187812133147507,-1.8240037287417834,-1.4420859144739633,0.9716974782353615,2
3,2,4,2,1,-0.43503640202835614,0.678067553698791,-0.10469874366618519,0.09506255594514632,3
3,2,3,3,2,1.0761825902984086,-0.6894527443792865,0.2311946485200125,0.04763393317678302,3
2,1,5,1,1,-2.115970142555244,0.9088566697221017,0.9798157111030447,-0.1211022276076944,2
2,2,3,2,2,-0.0028470459492667376,-0.7125665212193858,0.3549011781646472,0.811335302967853,2
3,2,2,1,1,-0.9861541268872753,-0.42580688891732255,-1.631336016752009,0.44816388512242267,3
3,3,4,2,2,0.8516352896368125,0.8190354787144608,0.1339342291401829,1.0077735103568328,3
3,2,4,2,2,0.31856460537807235,0.35637198193455305,0.49719595955713075,0.12111433334820648,2
4,4,4,2,2,1.774951045243364,1.6340710890049894,-0.6845789145919288,1.2974186940810968,3
4,2,4,1,1,-0.7335758955804085,1.3596980038799344,-0.8914950406518782,-0.3352640608325081,3
2,1,2,2,2,-0.4670843101875345,-1.8917964076426115,0.12061671387394766,0.017883102294510875,3
4,3,5,1,1,-0.2693386313421407,2.5389278903031594,-0.6572105763611787,0.458188139840834,2
5,5,5,5,5,6.95659009774832,1.212811363634557,1.894772897065142,1.0719501041591342,5
3,2,3,1,1,-1.0549875469077477,0.29075950072599516,-1.0337898220443618,0.35495690878713837,2
3,2,4,1,1,-1.12382096692822,1.007325890369313,-0.43624362733671435,0.2617499324518541,2
3,3,4,2,2,0.8516352896368125,0.8190354787144608,0.1339342291401829,1.0077735103568328,3
3,1,2,2,2,-0.07683923883972305,-1.5394242941319902,-0.33463469944121615,-0.5791308909898513,3
1,1,5,2,2,-1.063829641596763,-0.09446935222327935,2.3685067113120537,0.33527616657302023,2
3,1,5,1,1,-1.7257250712074326,1.2612287832327231,0.5245642977878807,-0.7181162208920565,1
4,1,3,1,1,-1.1978131598186763,0.18046811745670885,-1.1257795049425778,-1.1287162615058504,3
2,1,5,2,1,-1.42718557765538,0.5795983330515797,1.311360594773574,-0.28778960411440213,2
4,2,3,2,3,1.5312441041527847,-0.32951786596238125,0.04629305475763552,-0.35664090619781125,2
2,2,4,1,1,-1.5140660382760316,0.6549537768586917,0.019007785978449397,0.8587639257362163,1
2,1,4,1,1,-2.0471367225347716,0.19229028007878393,0.38226951639539725,-0.0278952512724101,2
3,1,3,1,2,-0.8344572237600593,-0.4935995678181504,-0.06863338840409801,-0.5056504908184278,5
3,2,3,2,2,0.3873980253985447,-0.3601944077087647,-0.10035023515051662,0.21432130968349078,3
3,2,4,2,2,0.31856460537807235,0.35637198193455305,0.49719595955713075,0.12111433334820648,2
3,2,5,1,2,-0.43905337954226376,1.4021967082483928,0.7631972705942488,0.19459473351962997,2
1,1,2,2,1,-1.6109303889417745,-1.9224729493889947,-0.02602657603420442,0.588845318175813,3
3,1,3,1,1,-1.588058231166488,-0.1719039960539125,-0.670528091627414,-0.5317022682214879,1
3,2,4,2,1,-0.43503640202835614,0.678067553698791,-0.10469874366618519,0.09506255594514632,2
2,2,4,2,2,-0.0716804659697391,0.003999868423931804,0.9524473728722945,0.7181283266325686,3
2,2,3,1,2,-0.6916316108491306,-0.38330818454886395,0.023356294494118038,0.9780226794745607,3
2,2,2,2,2,0.06598637407120558,-1.4291329108627038,-0.24264501654300022,0.9045422793031372,5
4,1,5,2,2,0.10690557244667147,0.9626469883085843,1.002752471366562,-1.4557658132800666,3
5,4,5,2,1,1.3427616891642744,3.024705163923166,-1.1441788364227612,0.5811459470583905,4
4,1,3,2,2,0.24457241248761613,-0.47048579097805104,-0.19233991804873266,-1.269351860609498,2
2,1,3,2,2,-0.5359177302080068,-1.1752300179992938,0.7181629085815951,-0.07532387404077341,2
2,1,4,2,2,-0.6047511502284791,-0.45866362835597596,1.3157091032892425,-0.1685308503760577,2
1,1,3,1,1,-2.3685483738621107,-0.8766482230751548,0.2399747350029138,0.6623257183472364,2
3,4,5,1,2,0.6270879889752163,2.327523701808208,0.03667380976035324,1.9679130875368824,1
3,3,3,2,2,0.9204687096572848,0.10246908907114305,-0.4636119655674644,1.100980486692117,2
2,2,4,2,4,1.4355215488431177,-0.6393912751045439,2.1562367793189265,0.770231881438689,3
3,2,4,2,2,0.31856460537807235,0.35637198193455305,0.49719595955713075,0.12111433334820648,3
2,2,3,2,2,-0.0028470459492667376,-0.7125665212193858,0.3549011781646472,0.811335302967853,3
2,2,4,2,2,-0.0716804659697391,0.003999868423931804,0.9524473728722945,0.7181283266325686,2
2,2,4,1,1,-1.5140660382760316,0.6549537768586917,0.019007785978449397,0.8587639257362163,2
5,2,3,1,1,-0.2744974042121247,0.9955037277472377,-1.9442926486746894,-0.8390710777815859,2
2,2,5,3,3,1.3018716863160809,0.06961234963248973,2.483433154473787,0.48428575119363676,2
2,2,3,3,2,0.6859375189505971,-1.0418248578899079,0.6864460618351764,0.6446479264611452,4
2,2,3,2,2,-0.0028470459492667376,-0.7125665212193858,0.3549011781646472,0.811335302967853,3
3,2,3,2,2,0.3873980253985447,-0.3601944077087647,-0.10035023515051662,0.21432130968349078,3
4,2,4,2,2,0.7088096767258839,0.7087440954451745,0.041944546241966876,-0.4758996599361557,2
4,2,1,2,2,0.9153099367873009,-1.440955073484779,-1.750694037880975,-0.19627873093030285,3
1,1,2,2,1,-1.6109303889417745,-1.9224729493889947,-0.02602657603420442,0.588845318175813,3
4,2,5,2,1,-0.11362475070101699,1.74700605685273,0.03759603772629829,-0.5951584136745001,2
4,2,3,1,1,-0.6647424755599362,0.6431316142366166,-1.4890412353595255,-0.24205708449722385,2
4,2,5,2,3,1.39357726411184,1.103614913324254,1.2413854441729302,-0.5430548588683798,3
4,1,5,2,2,0.10690557244667147,0.9626469883085843,1.002752471366562,-1.4557658132800666,3
4,1,3,2,2,0.24457241248761613,-0.47048579097805104,-0.19233991804873266,-1.269351860609498,2
2,2,5,2,1,-0.8941148933966399,1.0422618298314874,0.948098864356626,0.5988695728942243,2
2,1,3,1,1,-1.9783033025142993,-0.5242761095645339,-0.21527667831224997,0.06531172506287418,1
5,2,3,3,2,1.8566727329940313,0.015291482641955867,-0.6793081781103152,-1.1463940533919414,3
1,1,4,1,1,-2.437381793882583,-0.16008183343183724,0.8375209297105611,0.5691187420119522,2
2,2,3,2,2,-0.0028470459492667376,-0.7125665212193858,0.3549011781646472,0.811335302967853,2
2,1,3,2,2,-0.5359177302080068,-1.1752300179992938,0.7181629085815951,-0.07532387404077341,2
2,2,3,2,2,-0.0028470459492667376,-0.7125665212193858,0.3549011781646472,0.811335302967853,5
1,1,4,1,1,-2.437381793882583,-0.16008183343183724,0.8375209297105611,0.5691187420119522,1
4,2,3,2,1,0.024042089339927717,0.3138732775660945,-1.1574963516889962,-0.4087444610039316,3
2,2,3,2,2,-0.0028470459492667376,-0.7125665212193858,0.3549011781646472,0.811335302967853,3
4,3,4,3,1,1.1770639184780591,1.163844827318798,-0.5916670037277678,0.21802036316270282,4
4,2,2,1,1,-0.5959090555394638,-0.07343477540670128,-2.086587430067173,-0.14885010816193955,3
5,3,4,1,3,1.696941874839,1.5313424706419876,-0.5062187779373581,0.006484677697876458,3
2,1,4,1,1,-2.0471367225347716,0.19229028007878393,0.38226951639539725,-0.0278952512724101,2
1,1,3,1,1,-2.3685483738621107,-0.8766482230751548,0.2399747350029138,0.6623257183472364,2
2,2,4,1,1,-1.5140660382760316,0.6549537768586917,0.019007785978449397,0.8587639257362163,3
3,2,3,3,3,1.8297835977048371,-1.0111483161435244,0.8330893517433284,0.07368571057984319,2
3,1,2,1,3,-0.012022796333158415,-1.5318615292257058,-0.06428487988842951,-0.38639173708008334,3
2,1,4,1,1,-2.0471367225347716,0.19229028007878393,0.38226951639539725,-0.0278952512724101,3
3,3,3,2,2,0.9204687096572848,0.10246908907114305,-0.4636119655674644,1.100980486692117,3
4,3,2,2,2,1.3795472010255685,-0.2617251870615535,-1.5164095735902756,0.5971734697430393,3
1,1,2,1,1,-2.2997149538416384,-1.5932146127184725,-0.3575714597047336,0.7555326946825207,2
3,3,3,1,1,-0.5219168626490076,0.7534229975059029,-1.3970515524613096,1.2416160857957645,5
4,2,4,2,2,0.7088096767258839,0.7087440954451745,0.041944546241966876,-0.4758996599361557,3
2,2,5,2,2,-0.14051388599021142,0.7205662580672496,1.549993567579942,0.6249213502972844,2
1,2,3,2,1,-1.1466931247035068,-0.7432430629657693,0.2082578882564952,1.3822975188491546,3
2,1,3,2,2,-0.5359177302080068,-1.1752300179992938,0.7181629085815951,-0.07532387404077341,3
2,1,3,1,1,-1.9783033025142993,-0.5242761095645339,-0.21527667831224997,0.06531172506287418,2
4,2,3,2,2,0.7776430967463562,-0.007822294198143334,-0.5556016484656804,-0.38269268360087144,3
4,2,3,1,1,-0.6647424755599362,0.6431316142366166,-1.4890412353595255,-0.24205708449722385,2
4,2,3,2,1,0.024042089339927717,0.3138732775660945,-1.1574963516889962,-0.4087444610039316,3
4,2,5,3,3,2.082361829011704,0.7743565766537321,1.5729303278434594,-0.7097422353750875,2
3,1,1,2,1,-0.7616068262256792,-1.9342951120110696,-1.5340755973721794,-0.5119756920576272,1
2,2,3,2,1,-0.7564480533556952,-0.390870949455148,-0.2469935250586687,0.7852835255647929,3
2,1,2,2,1,-1.2206853175939631,-1.5701008358783735,-0.4812779893493682,-0.008168675108549284,1
3,2,4,2,2,0.31856460537807235,0.35637198193455305,0.49719595955713075,0.12111433334820648,3
2,2,3,2,1,-0.7564480533556952,-0.390870949455148,-0.2469935250586687,0.7852835255647929,3
1,1,2,1,1,-2.2997149538416384,-1.5932146127184725,-0.3575714597047336,0.7555326946825207,1
4,1,4,3,2,0.8645235573670076,-0.08317773800525527,0.7367511603294439,-1.52924621345149,3
4,3,4,3,3,2.6842659332909165,0.5204536837903223,0.612122402718864,0.2701239179688231,2
3,2,3,2,1,-0.3662029820078838,-0.03849883594452679,-0.7022449383738326,0.1882695322804306,2
2,1,4,2,1,-1.3583521576349078,-0.13696805659173805,0.7138144000659264,-0.19458262777911786,2
4,3,3,2,1,0.5571127735986678,0.7765367743460022,-1.520758082105944,0.4779147160046949,3
5,2,3,2,1,0.4142871606877392,0.6662453910767158,-1.6127477650041602,-1.0057584542882938,3
3,1,5,1,1,-1.7257250712074326,1.2612287832327231,0.5245642977878807,-0.7181162208920565,2
1,2,4,3,3,0.9804600349887419,-0.9993261535214493,2.3411383730813036,1.1745067208132831,2
3,2,4,1,1,-1.12382096692822,1.007325890369313,-0.43624362733671435,0.2617499324518541,2
4,2,3,4,2,2.155212226546084,-0.6663389675391872,0.10748811887537794,-0.716067436614287,3
2,1,5,2,1,-1.42718557765538,0.5795983330515797,1.311360594773574,-0.28778960411440213,2
1,1,3,1,1,-2.3685483738621107,-0.8766482230751548,0.2399747350029138,0.6623257183472364,2
5,1,4,4,1,1.1899521862082545,0.2616316105990818,0.011149927461493256,-2.3189993606456194,1
5,1,3,2,1,-0.11878352357100089,0.20358189429680815,-1.2494860345872123,-1.8924176312969203,2
1,1,5,1,1,-2.5062152139030553,0.5564845562114805,1.4350671244182087,0.4759117656766678,1
5,3,3,2,2,1.7009588523529076,0.8072133160923858,-1.374114792197792,-0.09304749987660715,5
3,2,2,2,2,0.45623144541901706,-1.0767607973520823,-0.697896429858164,0.3075282860187751,3
3,1,4,2,2,-0.2145060788806677,-0.1062915148453546,0.8604576899740786,-0.7655448436604199,3
2,2,3,1,1,-1.4452326182555593,-0.061612612784626035,-0.5785384087291979,0.9519709020715006,2
2,1,3,1,1,-1.9783033025142993,-0.5242761095645339,-0.21527667831224997,0.06531172506287418,1
4,2,4,3,3,2.151195249032176,0.057790187010414586,0.975384133135812,-0.6165352590398032,3
4,2,3,2,2,0.7776430967463562,-0.007822294198143334,-0.5556016484656804,-0.38269268360087144,3
3,4,5,2,2,1.31587255387508,1.9982653651376858,0.3682186934308824,1.8012257110301746,4
3,2,4,2,2,0.31856460537807235,0.35637198193455305,0.49719595955713075,0.12111433334820648,2
2,1,3,2,2,-0.5359177302080068,-1.1752300179992938,0.7181629085815951,-0.07532387404077341,3
2,1,4,1,1,-2.0471367225347716,0.19229028007878393,0.38226951639539725,-0.0278952512724101,1
2,2,3,1,1,-1.4452326182555593,-0.061612612784626035,-0.5785384087291979,0.9519709020715006,1
4,3,2,2,2,1.3795472010255685,-0.2617251870615535,-1.5164095735902756,0.5971734697430393,2
5,4,3,3,2,2.9228141015115114,0.9406184762017712,-1.405831638944211,0.6269243006253115,5
2,1,3,2,2,-0.5359177302080068,-1.1752300179992938,0.7181629085815951,-0.07532387404077341,2
3,1,2,2,2,-0.07683923883972305,-1.5394242941319902,-0.33463469944121615,-0.5791308909898513,2
1,1,5,1,1,-2.5062152139030553,0.5564845562114805,1.4350671244182087,0.4759117656766678,1
3,1,4,3,2,0.47427848601919614,-0.4355498515158766,1.1920025736446078,-0.9322322201671276,2
4,2,3,2,1,0.024042089339927717,0.3138732775660945,-1.1574963516889962,-0.4087444610039316,2
3,2,3,2,1,-0.3662029820078838,-0.03849883594452679,-0.7022449383738326,0.1882695322804306,2
5,3,4,3,3,3.074511004638728,0.8728257973009435,0.1568709894037002,-0.32689007531553904,4
4,3,3,5,4,4.8842694905175446,-1.1763249509582774,1.279560678575591,0.05600791869375204,4
3,3,4,1,3,0.9164517321433772,0.8265982436207449,0.4042840486929697,1.2005126642666006,3
4,2,3,1,1,-0.6647424755599362,0.6431316142366166,-1.4890412353595255,-0.24205708449722385,2
2,1,3,1,1,-1.9783033025142993,-0.5242761095645339,-0.21527667831224997,0.06531172506287418,2
3,3,3,2,2,0.9204687096572848,0.10246908907114305,-0.4636119655674644,1.100980486692117,4
2,3,2,3,3,2.041442630636238,-1.6174233225175558,0.32753283993389715,1.6505658572081159,4
3,2,3,3,3,1.8297835977048371,-1.0111483161435244,0.8330893517433284,0.07368571057984319,3
4,3,5,1,1,-0.2693386313421407,2.5389278903031594,-0.6572105763611787,0.458188139840834,3
3,1,4,1,1,-1.6568916511869602,0.5446623935894053,-0.07298189691976657,-0.6249092445567722,1
2,1,5,2,2,-0.6735845702489514,0.25790276128734174,1.91325529799689,-0.261737826711342,1
3,2,4,1,1,-1.12382096692822,1.007325890369313,-0.43624362733671435,0.2617499324518541,2
5,1,4,1,1,-0.876401508491337,1.249406620610648,-0.9834847235500943,-1.8189372311254968,1
4,2,4,2,2,0.7088096767258839,0.7087440954451745,0.041944546241966876,-0.4758996599361557,4
4,2,3,1,1,-0.6647424755599362,0.6431316142366166,-1.4890412353595255,-0.24205708449722385,1
2,2,5,1,1,-1.582899458296504,1.3715201665020096,0.6165539806860968,0.765556949400932,2
4,1,5,2,2,0.10690557244667147,0.9626469883085843,1.002752471366562,-1.4557658132800666,2
3,2,3,2,2,0.3873980253985447,-0.3601944077087647,-0.10035023515051662,0.21432130968349078,4
2,1,4,2,2,-0.6047511502284791,-0.45866362835597596,1.3157091032892425,-0.1685308503760577,2
3,2,4,2,1,-0.43503640202835614,0.678067553698791,-0.10469874366618519,0.09506255594514632,3
1,1,4,1,1,-2.437381793882583,-0.16008183343183724,0.8375209297105611,0.5691187420119522,1
4,2,3,2,1,0.024042089339927717,0.3138732775660945,-1.1574963516889962,-0.4087444610039316,3
4,2,3,2,2,0.7776430967463562,-0.007822294198143334,-0.5556016484656804,-0.38269268360087144,3
4,1,3,3,3,1.6869579847939085,-1.1214396994128109,0.7410996688451124,-1.4099874597131454,2
4,1,4,2,1,-0.5778620149392847,0.5677761704295046,-0.19668842656440122,-1.3886106143478425,1
2,2,3,2,1,-0.7564480533556952,-0.390870949455148,-0.2469935250586687,0.7852835255647929,3
2,2,3,3,2,0.6859375189505971,-1.0418248578899079,0.6864460618351764,0.6446479264611452,3
4,2,3,3,3,2.2200286690526485,-0.6587762026329032,0.3778379384281647,-0.523328282704519,2
4,5,4,4,4,5.192792874114689,0.7948267689153781,0.8190385287788136,1.902806672882428,1
3,2,3,1,1,-1.0549875469077477,0.29075950072599516,-1.0337898220443618,0.35495690878713837,2
2,2,3,2,2,-0.0028470459492667376,-0.7125665212193858,0.3549011781646472,0.811335302967853,3
3,2,3,1,1,-1.0549875469077477,0.29075950072599516,-1.0337898220443618,0.35495690878713837,2
4,2,5,4,1,1.2639443790987106,1.088489383511686,0.7006858050673567,-0.9285331666879156,3
5,2,5,1,1,-0.41216424425306925,2.428636507033873,-0.7492002592593948,-1.0254850304521548,2
2,1,2,2,2,-0.4670843101875345,-1.8917964076426115,0.12061671387394766,0.017883102294510875,3
3,2,5,1,1,-1.1926543869486923,1.7238922800126308,0.16130256737093288,0.1685429561165698,1
5,2,4,1,1,-0.34333082423259703,1.7120701173905557,-1.3467464539670422,-0.9322780541168703,2
3,2,3,2,2,0.3873980253985447,-0.3601944077087647,-0.10035023515051662,0.21432130968349078,3
2,1,3,1,1,-1.9783033025142993,-0.5242761095645339,-0.21527667831224997,0.06531172506287418,2
2,2,3,3,2,0.6859375189505971,-1.0418248578899079,0.6864460618351764,0.6446479264611452,3
4,2,4,3,3,2.151195249032176,0.057790187010414586,0.975384133135812,-0.6165352590398032,4
2,1,4,2,2,-0.6047511502284791,-0.45866362835597596,1.3157091032892425,-0.1685308503760577,3
4,2,5,2,1,-0.11362475070101699,1.74700605685273,0.03759603772629829,-0.5951584136745001,4
2,1,5,2,5,1.5872184519703338,-0.7071839540053717,3.7189394076668374,-0.1835824945021615,2
2,1,5,2,1,-1.42718557765538,0.5795983330515797,1.311360594773574,-0.28778960411440213,2
5,2,2,4,3,3.367891725320796,-1.3522288154361217,-0.34341478592411734,-1.1938226761603046,5
4,4,3,2,1,1.0901834578574077,1.2392002711259098,-1.884019812522892,1.3645738930133209,3
1,1,4,1,1,-2.437381793882583,-0.16008183343183724,0.8375209297105611,0.5691187420119522,2
4,3,4,2,2,1.2418803609846238,1.171407592225082,-0.321317184174981,0.4107595170724707,2
3,3,4,2,2,0.8516352896368125,0.8190354787144608,0.1339342291401829,1.0077735103568328,2
2,1,2,1,1,-1.909469882493827,-1.2408424992078513,-0.8128228730198975,0.1585187013981585,2
3,2,5,1,1,-1.1926543869486923,1.7238922800126308,0.16130256737093288,0.1685429561165698,3
4,1,4,1,1,-1.2666465798391486,0.8970345071000265,-0.5282333102349305,-1.2219232378411347,2
4,2,4,2,2,0.7088096767258839,0.7087440954451745,0.041944546241966876,-0.4758996599361557,3
2,1,3,2,2,-0.5359177302080068,-1.1752300179992938,0.7181629085815951,-0.07532387404077341,3
2,1,3,2,1,-1.2895187376144355,-0.8535344462350559,0.11626820535827921,-0.10137565144383358,2
3,1,4,1,1,-1.6568916511869602,0.5446623935894053,-0.07298189691976657,-0.6249092445567722,1
3,2,4,2,1,-0.43503640202835614,0.678067553698791,-0.10469874366618519,0.09506255594514632,3
4,4,4,2,2,1.774951045243364,1.6340710890049894,-0.6845789145919288,1.2974186940810968,5
5,3,5,2,2,1.563292012311963,2.240346095379021,-0.1790224027824975,-0.27946145254717575,4
3,1,2,2,2,-0.07683923883972305,-1.5394242941319902,-0.33463469944121615,-0.5791308909898513,1
2,1,4,2,1,-1.3583521576349078,-0.13696805659173805,0.7138144000659264,-0.19458262777911786,2
5,1,5,2,1,-0.25645036361194556,1.6367146735834435,-0.05439364517191778,-2.0788315839674882,2
4,2,2,4,2,2.224045646566556,-1.3829053571825052,-0.49005807583226946,-0.6228604602790027,4
4,2,4,2,1,-0.044791330680544666,1.0304396672094123,-0.5599501569813491,-0.5019514373392158,3
4,2,4,2,1,-0.044791330680544666,1.0304396672094123,-0.5599501569813491,-0.5019514373392158,2
2,1,4,1,1,-2.0471367225347716,0.19229028007878393,0.38226951639539725,-0.0278952512724101,2
1,1,5,1,1,-2.5062152139030553,0.5564845562114805,1.4350671244182087,0.4759117656766678,1
1,1,1,2,2,-0.7884959615148736,-2.96073491079655,-0.02167806751853578,0.7081040719141574,3
4,2,3,3,1,0.7128266542397916,-0.015385059104427437,-0.8259514680184672,-0.5754318375106393,6
2,1,4,1,1,-2.0471367225347716,0.19229028007878393,0.38226951639539725,-0.0278952512724101,1
2,1,2,4,2,0.9104848196121932,-2.5503130809836554,0.7837064812150061,-0.31549165071890467,5
3,2,5,3,2,0.9385157502574639,0.7436800349073489,1.4262870379353072,-0.13878001949378554,3
3,1,2,1,1,-1.5192248111460156,-0.8884703856972301,-1.2680742863350614,-0.4384952918862037,2
3,2,3,2,2,0.3873980253985447,-0.3601944077087647,-0.10035023515051662,0.21432130968349078,3
1,1,4,1,1,-2.437381793882583,-0.16008183343183724,0.8375209297105611,0.5691187420119522,1
4,2,2,2,2,0.8464765167668286,-0.724388683841461,-1.1531478431733277,-0.28948570726558714,1
2,1,4,1,1,-2.0471367225347716,0.19229028007878393,0.38226951639539725,-0.0278952512724101,2
3,1,2,2,2,-0.07683923883972305,-1.5394242941319902,-0.33463469944121615,-0.5791308909898513,1
4,2,2,2,2,0.8464765167668286,-0.724388683841461,-1.1531478431733277,-0.28948570726558714,3
5,4,5,2,2,2.096362696570703,2.7030095921589283,-0.5422841331994454,0.6071977244614506,3
2,1,2,2,2,-0.4670843101875345,-1.8917964076426115,0.12061671387394766,0.017883102294510875,1
4,2,3,2,2,0.7776430967463562,-0.007822294198143334,-0.5556016484656804,-0.38269268360087144,2
3,1,4,1,1,-1.6568916511869602,0.5446623935894053,-0.07298189691976657,-0.6249092445567722,2
3,2,3,2,1,-0.3662029820078838,-0.03849883594452679,-0.7022449383738326,0.1882695322804306,3
3,1,4,2,2,-0.2145060788806677,-0.1062915148453546,0.8604576899740786,-0.7655448436604199,2
4,2,5,1,1,-0.8024093156008808,2.076264393523252,-0.2939488459442309,-0.4284710371677924,2
3,2,3,3,2,1.0761825902984086,-0.6894527443792865,0.2311946485200125,0.04763393317678302,3
2,1,5,1,1,-2.115970142555244,0.9088566697221017,0.9798157111030447,-0.1211022276076944,2
3,1,3,2,1,-0.8992736662666239,-0.5011623327244344,-0.3389832079568847,-0.6983896447281956,1
4,3,2,5,2,3.4459008957251602,-1.2495001970731194,-0.5217749225786882,0.09711134022291602,6
2,1,2,3,3,0.9753012621187579,-2.5427503160773712,1.0540563007677928,-0.12275249680913672,5
2,2,3,2,2,-0.0028470459492667376,-0.7125665212193858,0.3549011781646472,0.811335302967853,3
4,2,3,3,2,1.46642766164622,-0.33708063086866535,-0.22405676479515127,-0.5493800601075792,3
2,2,4,2,2,-0.0716804659697391,0.003999868423931804,0.9524473728722945,0.7181283266325686,2
2,2,3,1,2,-0.6916316108491306,-0.38330818454886395,0.023356294494118038,0.9780226794745607,2
2,1,3,1,1,-1.9783033025142993,-0.5242761095645339,-0.21527667831224997,0.06531172506287418,3
3,2,4,1,1,-1.12382096692822,1.007325890369313,-0.43624362733671435,0.2617499324518541,3
3,2,3,2,1,-0.3662029820078838,-0.03849883594452679,-0.7022449383738326,0.1882695322804306,3
2,1,3,1,1,-1.9783033025142993,-0.5242761095645339,-0.21527667831224997,0.06531172506287418,2
3,2,4,2,1,-0.43503640202835614,0.678067553698791,-0.10469874366618519,0.09506255594514632,2
2,1,2,1,1,-1.909469882493827,-1.2408424992078513,-0.8128228730198975,0.1585187013981585,5
4,2,5,3,2,1.3287608216052753,1.09605214841797,0.9710356246201434,-0.7357940127781477,4
4,2,2,4,4,3.731247661379413,-2.026296500710981,0.7137313306143622,-0.5707569054728823,4
2,1,5,1,1,-2.115970142555244,0.9088566697221017,0.9798157111030447,-0.1211022276076944,1
4,2,4,2,2,0.7088096767258839,0.7087440954451745,0.041944546241966876,-0.4758996599361557,3
3,2,4,4,2,1.6961337351778,-0.3021446914064909,1.1602857268981892,-0.21226041966520903,5
3,2,2,4,2,1.8338005752187447,-1.7352774706931264,-0.034806662517105694,-0.02584646699464044,5
2,1,4,2,2,-0.6047511502284791,-0.45866362835597596,1.3157091032892425,-0.1685308503760577,3
5,2,2,2,1,0.4831205807082114,-0.05032099856660204,-2.2102939597118074,-0.9125514779530093,3
4,3,5,1,1,-0.2693386313421407,2.5389278903031594,-0.6572105763611787,0.458188139840834,2
3,2,4,2,2,0.31856460537807235,0.35637198193455305,0.49719595955713075,0.12111433334820648,3
4,2,2,2,2,0.8464765167668286,-0.724388683841461,-1.1531478431733277,-0.28948570726558714,3
3,2,3,2,2,0.3873980253985447,-0.3601944077087647,-0.10035023515051662,0.21432130968349078,3
4,3,3,3,2,1.99949834590496,0.12558286591124238,-0.5873184952120991,0.3372791169010472,3
3,2,3,2,1,-0.3662029820078838,-0.03849883594452679,-0.7022449383738326,0.1882695322804306,2
5,2,3,2,2,1.1678881680941677,0.3445498193124778,-1.0108530617808442,-0.9797066768852335,3
3,1,2,1,1,-1.5192248111460156,-0.8884703856972301,-1.2680742863350614,-0.4384952918862037,2
5,1,2,1,1,-0.7387346684503924,-0.18372615867598774,-2.1785771129653893,-1.6325232784549282,3
4,3,4,2,3,1.9954813683910524,0.8497120204608442,0.28057751904833494,0.4368112944755309,3
4,4,4,2,2,1.774951045243364,1.6340710890049894,-0.6845789145919288,1.2974186940810968,3
4,1,3,2,2,0.24457241248761613,-0.47048579097805104,-0.19233991804873266,-1.269351860609498,3
2,1,3,2,2,-0.5359177302080068,-1.1752300179992938,0.7181629085815951,-0.07532387404077341,2
3,2,3,3,3,1.8297835977048371,-1.0111483161435244,0.8330893517433284,0.07368571057984319,3
5,1,1,1,1,-0.66990124842992,-0.9002925483193053,-2.776123307673036,-1.5393163021196439,2
1,1,4,2,1,-1.7485972289827192,-0.4893401701023592,1.1690658133810905,0.4024313655052444,1
2,2,3,2,1,-0.7564480533556952,-0.390870949455148,-0.2469935250586687,0.7852835255647929,2
5,1,2,5,3,3.52360560596192,-2.1441506488865514,0.35139182816335957,-2.247169229675639,2
2,2,5,1,1,-1.582899458296504,1.3715201665020096,0.6165539806860968,0.765556949400932,2
2,1,4,1,1,-2.0471367225347716,0.19229028007878393,0.38226951639539725,-0.0278952512724101,2
3,2,5,1,1,-1.1926543869486923,1.7238922800126308,0.16130256737093288,0.1685429561165698,1
4,2,4,5,2,2.7751633714254753,-0.2790309145663916,1.0365791972535545,-0.975961789456279,4
3,1,3,2,2,-0.14567265886019537,-0.8228579044886722,0.2629114952664312,-0.6723378673251356,3
2,1,5,1,1,-2.115970142555244,0.9088566697221017,0.9798157111030447,-0.1211022276076944,2
2,1,2,1,1,-1.909469882493827,-1.2408424992078513,-0.8128228730198975,0.1585187013981585,2
2,2,2,2,2,0.06598637407120558,-1.4291329108627038,-0.24264501654300022,0.9045422793031372,3
4,1,2,3,3,1.7557914048143808,-1.8380060890561287,0.14355347413746505,-1.3167804833778611,3
3,3,4,4,2,2.22920441943654,0.16051880537341678,0.7970239964812413,0.6743987573434173,4
4,4,5,2,1,0.9525166178164632,2.672333050412545,-0.6889274231075974,1.1781599403427523,4
3,3,4,1,1,-0.5907502826694799,1.4699893871492207,-0.7995053577536623,1.1484091094604802,3
3,2,3,1,1,-1.0549875469077477,0.29075950072599516,-1.0337898220443618,0.35495690878713837,4
2,1,4,1,1,-2.0471367225347716,0.19229028007878393,0.38226951639539725,-0.0278952512724101,1
2,1,5,1,1,-2.115970142555244,0.9088566697221017,0.9798157111030447,-0.1211022276076944,2
3,1,3,2,1,-0.8992736662666239,-0.5011623327244344,-0.3389832079568847,-0.6983896447281956,2
3,2,3,2,1,-0.3662029820078838,-0.03849883594452679,-0.7022449383738326,0.1882695322804306,2
5,3,1,2,2,1.8386256923938522,-0.6259194631942496,-2.569207181613087,0.09336645279396141,3
2,2,2,2,1,-0.6876146333352229,-1.1074373390984658,-0.8445397197663161,0.8784905019000772,2
2,1,3,1,2,-1.2247022951078708,-0.8459716813287717,0.38661802491106595,0.09136350246593435,2
2,1,4,1,1,-2.0471367225347716,0.19229028007878393,0.38226951639539725,-0.0278952512724101,2
5,1,4,2,2,0.5659840638149554,0.598452712175888,-0.0500451366562492,-1.9595728302291444,2
2,1,5,1,1,-2.115970142555244,0.9088566697221017,0.9798157111030447,-0.1211022276076944,2
2,1,5,1,1,-2.115970142555244,0.9088566697221017,0.9798157111030447,-0.1211022276076944,2
4,2,1,2,1,0.16170892938087236,-1.119259501720541,-2.352588741104291,-0.22233050833336301,3
5,2,4,1,1,-0.34333082423259703,1.7120701173905557,-1.3467464539670422,-0.9322780541168703,3
2,1,5,2,2,-0.6735845702489514,0.25790276128734174,1.91325529799689,-0.261737826711342,1
4,1,4,1,1,-1.2666465798391486,0.8970345071000265,-0.5282333102349305,-1.2219232378411347,2
3,3,4,1,1,-0.5907502826694799,1.4699893871492207,-0.7995053577536623,1.1484091094604802,3
3,3,5,3,3,2.2251874419226327,0.8846479599230186,1.6649200107416755,0.7739309349179011,1
3,1,4,3,3,1.2278794934256245,-0.7572454232801143,1.7938972768679238,-0.9061804427640674,2
5,2,5,1,1,-0.41216424425306925,2.428636507033873,-0.7492002592593948,-1.0254850304521548,3
4,1,3,1,2,-0.44421215241224776,-0.14122745430752903,-0.5238848017192619,-1.1026644841027902,1
4,1,4,2,1,-0.5778620149392847,0.5677761704295046,-0.19668842656440122,-1.3886106143478425,2
2,1,4,1,2,-1.293535715128343,-0.12940529168545395,0.9841642196187131,-0.0018434738693499425,2
3,1,1,2,2,-0.00800581881925069,-2.2559906837753076,-0.9321808941488635,-0.485923914654567,4
4,2,4,2,2,0.7088096767258839,0.7087440954451745,0.041944546241966876,-0.4758996599361557,3
4,2,5,2,2,0.6399762567054116,1.425310485088492,0.6394907409496142,-0.56910663627144,2
5,3,5,2,1,0.8096910049055346,2.5620416671432586,-0.7809171060058134,-0.3055132299502359,4
2,2,4,2,2,-0.0716804659697391,0.003999868423931804,0.9524473728722945,0.7181283266325686,1
2,2,3,2,3,0.7507539614571618,-1.0342620929836237,0.9567958813879631,0.8373870803709131,3
4,2,5,2,2,0.6399762567054116,1.425310485088492,0.6394907409496142,-0.56910663627144,2
4,2,4,2,2,0.7088096767258839,0.7087440954451745,0.041944546241966876,-0.4758996599361557,2
4,2,3,2,1,0.024042089339927717,0.3138732775660945,-1.1574963516889962,-0.4087444610039316,3
5,1,5,1,1,-0.9452349285118093,1.9659730102539656,-0.38593852884244695,-1.9121442074607808,2
3,2,4,1,1,-1.12382096692822,1.007325890369313,-0.43624362733671435,0.2617499324518541,1
3,2,4,2,2,0.31856460537807235,0.35637198193455305,0.49719595955713075,0.12111433334820648,2
2,1,2,3,2,0.2217002547123293,-2.2210547443131334,0.4521615975444768,-0.14880427421219686,4
2,1,2,1,1,-1.909469882493827,-1.2408424992078513,-0.8128228730198975,0.1585187013981585,2
2,4,2,1,1,-0.3102578297176068,0.14714799113187146,-1.9026080642707408,2.818496232424038,4
5,4,4,2,2,2.1651961165911753,1.986443202515611,-1.1398303279070925,0.7004047007967349,3
3,2,3,2,2,0.3873980253985447,-0.3601944077087647,-0.10035023515051662,0.21432130968349078,2
5,2,3,4,1,1.7918562904874666,0.007728717735671721,-0.9496579976631019,-1.3391332073017093,3
1,1,2,1,1,-2.2997149538416384,-1.5932146127184725,-0.3575714597047336,0.7555326946825207,1
1,1,5,4,2,0.31373948820296493,-0.7529860255643233,3.031596478653112,0.0019014135596047094,2
3,2,5,1,1,-1.1926543869486923,1.7238922800126308,0.16130256737093288,0.1685429561165698,4
4,2,5,2,2,0.6399762567054116,1.425310485088492,0.6394907409496142,-0.56910663627144,3
2,1,3,2,1,-1.2895187376144355,-0.8535344462350559,0.11626820535827921,-0.10137565144383358,2
4,3,4,2,1,0.4882793535781954,1.49310316398932,-0.923211887398297,0.3847077396694106,2
4,1,1,2,2,0.3822392525285607,-1.9036185702646866,-1.3874323074640271,-1.0829379079389294,3
3,3,2,3,3,2.4316877019840493,-1.2650512090069346,-0.12771857338126674,1.0535518639237538,3
5,2,4,2,2,1.0990547480736954,1.0611162089557955,-0.41330686707319697,-1.0729136532205181,4
3,2,4,1,1,-1.12382096692822,1.007325890369313,-0.43624362733671435,0.2617499324518541,6
3,1,3,2,2,-0.14567265886019537,-0.8228579044886722,0.2629114952664312,-0.6723378673251356,2
3,2,3,3,3,1.8297835977048371,-1.0111483161435244,0.8330893517433284,0.07368571057984319,2
2,2,4,2,2,-0.0716804659697391,0.003999868423931804,0.9524473728722945,0.7181283266325686,2
3,1,4,1,2,-0.9032906437805316,0.22296682182516742,0.5289128063035493,-0.5988574671537121,3
3,2,3,3,2,1.0761825902984086,-0.6894527443792865,0.2311946485200125,0.04763393317678302,4
3,3,4,2,2,0.8516352896368125,0.8190354787144608,0.1339342291401829,1.0077735103568328,3
5,2,4,2,2,1.0990547480736954,1.0611162089557955,-0.41330686707319697,-1.0729136532205181,3
4,2,4,1,1,-0.7335758955804085,1.3596980038799344,-0.8914950406518782,-0.3352640608325081,2
3,1,4,2,2,-0.2145060788806677,-0.1062915148453546,0.8604576899740786,-0.7655448436604199,2
3,1,2,2,1,-0.8304402462461515,-1.2177287223677522,-0.9365294026645321,-0.6051826683929113,3
5,1,3,3,3,2.07720305614172,-0.7690675859021895,0.28584825552994864,-2.0070014529975078,3
3,1,3,2,1,-0.8992736662666239,-0.5011623327244344,-0.3389832079568847,-0.6983896447281956,2
1,1,5,2,2,-1.063829641596763,-0.09446935222327935,2.3685067113120537,0.33527616657302023,1
5,1,3,1,2,-0.0539670810644362,0.21114465920309228,-0.9791362150344257,-1.6996784773871523,1
3,2,4,3,2,1.0073491702779362,0.027113645264031115,0.8287408432276598,-0.045573043158501275,3
5,2,3,4,2,2.545457297893895,-0.31396685402856617,-0.34776329443978593,-1.313081429898649,4
3,2,4,1,2,-0.37021995952179143,0.6856303186050752,0.16565107588660152,0.2878017098549142,2
3,1,5,3,3,1.1590460734051522,-0.04067903363679672,2.391443471575571,-0.9993874190993518,2
5,2,3,2,1,0.4142871606877392,0.6662453910767158,-1.6127477650041602,-1.0057584542882938,3
5,2,3,2,1,0.4142871606877392,0.6662453910767158,-1.6127477650041602,-1.0057584542882938,2
3,2,4,1,1,-1.12382096692822,1.007325890369313,-0.43624362733671435,0.2617499324518541,2
2,2,4,2,2,-0.0716804659697391,0.003999868423931804,0.9524473728722945,0.7181283266325686,3
3,2,2,2,2,0.45623144541901706,-1.0767607973520823,-0.697896429858164,0.3075282860187751,5
3,1,2,2,1,-0.8304402462461515,-1.2177287223677522,-0.9365294026645321,-0.6051826683929113,2
3,2,5,2,1,-0.5038698220488285,1.3946339433421087,0.49284745104146216,0.001855579609862033,2
2,1,4,1,1,-2.0471367225347716,0.19229028007878393,0.38226951639539725,-0.0278952512724101,2
5,5,5,5,5,6.95659009774832,1.212811363634557,1.894772897065142,1.0719501041591342,5
3,3,4,2,2,0.8516352896368125,0.8190354787144608,0.1339342291401829,1.0077735103568328,3
3,2,2,1,1,-0.9861541268872753,-0.42580688891732255,-1.631336016752009,0.44816388512242267,3
3,2,3,2,2,0.3873980253985447,-0.3601944077087647,-0.10035023515051662,0.21432130968349078,3
3,2,5,1,1,-1.1926543869486923,1.7238922800126308,0.16130256737093288,0.1685429561165698,2
3,1,3,2,1,-0.8992736662666239,-0.5011623327244344,-0.3389832079568847,-0.6983896447281956,1
2,1,4,2,2,-0.6047511502284791,-0.45866362835597596,1.3157091032892425,-0.1685308503760577,2
2,2,5,1,1,-1.582899458296504,1.3715201665020096,0.6165539806860968,0.765556949400932,2
3,2,1,2,2,0.5250648654394894,-1.7933271869954002,-1.2954426245658113,0.4007352623540594,3
3,2,5,2,2,0.24973118535760008,1.0729383715778706,1.0947421542647782,0.027907357012922192,2
2,2,4,2,2,-0.0716804659697391,0.003999868423931804,0.9524473728722945,0.7181283266325686,2
5,4,4,3,2,2.853980681491039,1.657184865845089,-0.8082854442365635,0.5337173242900272,4
3,2,3,2,1,-0.3662029820078838,-0.03849883594452679,-0.7022449383738326,0.1882695322804306,2
4,2,2,2,2,0.8464765167668286,-0.724388683841461,-1.1531478431733277,-0.28948570726558714,3
1,1,5,1,1,-2.5062152139030553,0.5564845562114805,1.4350671244182087,0.4759117656766678,1
3,2,4,2,2,0.31856460537807235,0.35637198193455305,0.49719595955713075,0.12111433334820648,3
2,1,4,1,1,-2.0471367225347716,0.19229028007878393,0.38226951639539725,-0.0278952512724101,2
4,2,4,1,1,-0.7335758955804085,1.3596980038799344,-0.8914950406518782,-0.3352640608325081,3
5,2,5,1,1,-0.41216424425306925,2.428636507033873,-0.7492002592593948,-1.0254850304521548,3
3,2,4,3,1,0.2537481628715077,0.34880921702826895,0.22684614000434392,-0.07162482056156143,3
3,1,4,1,1,-1.6568916511869602,0.5446623935894053,-0.07298189691976657,-0.6249092445567722,2
3,2,3,2,1,-0.3662029820078838,-0.03849883594452679,-0.7022449383738326,0.1882695322804306,2
1,1,4,1,1,-2.437381793882583,-0.16008183343183724,0.8375209297105611,0.5691187420119522,2
4,2,3,3,2,1.46642766164622,-0.33708063086866535,-0.22405676479515127,-0.5493800601075792,3
4,2,3,1,1,-0.6647424755599362,0.6431316142366166,-1.4890412353595255,-0.24205708449722385,3
2,1,5,1,1,-2.115970142555244,0.9088566697221017,0.9798157111030447,-0.1211022276076944,2
3,1,5,1,1,-1.7257250712074326,1.2612287832327231,0.5245642977878807,-0.7181162208920565,2
4,3,2,2,2,1.3795472010255685,-0.2617251870615535,-1.5164095735902756,0.5971734697430393,3
2,1,5,2,2,-0.6735845702489514,0.25790276128734174,1.91325529799689,-0.261737826711342,1
3,3,4,2,1,0.09803428223038393,1.1407310504786987,-0.467960474083133,0.9817217329537727,3
2,1,3,2,1,-1.2895187376144355,-0.8535344462350559,0.11626820535827921,-0.10137565144383358,2
2,1,5,1,1,-2.115970142555244,0.9088566697221017,0.9798157111030447,-0.1211022276076944,1
2,1,3,1,2,-1.2247022951078708,-0.8459716813287717,0.38661802491106595,0.09136350246593435,2
3,2,3,1,1,-1.0549875469077477,0.29075950072599516,-1.0337898220443618,0.35495690878713837,3
4,2,3,2,2,0.7776430967463562,-0.007822294198143334,-0.5556016484656804,-0.38269268360087144,3
3,1,3,2,2,-0.14567265886019537,-0.8228579044886722,0.2629114952664312,-0.6723378673251356,2
2,1,3,1,1,-1.9783033025142993,-0.5242761095645339,-0.21527667831224997,0.06531172506287418,2
2,3,3,2,2,0.5302236383094733,-0.24990302443947823,-0.008360552252300606,1.697994479976479,3
3,1,5,3,3,1.1590460734051522,-0.04067903363679672,2.391443471575571,-0.9993874190993518,1
3,2,3,2,2,0.3873980253985447,-0.3601944077087647,-0.10035023515051662,0.21432130968349078,2
5,2,5,1,1,-0.41216424425306925,2.428636507033873,-0.7492002592593948,-1.0254850304521548,1
3,2,4,3,3,1.7609501776843648,-0.29458192650020676,1.430635546450976,-0.019521265755441112,3
3,1,2,1,2,-0.7656238037395869,-1.210165957461468,-0.6661795831117454,-0.41244351448314354,2
5,1,5,1,1,-0.9452349285118093,1.9659730102539656,-0.38593852884244695,-1.9121442074607808,2
3,1,5,1,2,-0.9721240638010039,0.9395332114684852,1.1264590010111968,-0.6920644434889964,3
2,3,5,3,3,1.834942370574821,0.5322758464123974,2.120171424056839,1.370944928202263,4
5,2,5,2,3,1.7838223354596516,1.4559870268348754,0.7861340308577662,-1.1400688521527422,3
3,1,3,2,1,-0.8992736662666239,-0.5011623327244344,-0.3389832079568847,-0.6983896447281956,1
5,1,5,2,2,0.497150643794483,1.3150191018192054,0.5475010580513981,-2.0527798065644283,3
3,1,4,2,1,-0.9681070862870962,0.21540405691888329,0.25856298675076267,-0.7915966210634799,2
3,1,4,2,2,-0.2145060788806677,-0.1062915148453546,0.8604576899740786,-0.7655448436604199,3
4,2,5,1,1,-0.8024093156008808,2.076264393523252,-0.2939488459442309,-0.4284710371677924,1
2,1,5,1,1,-2.115970142555244,0.9088566697221017,0.9798157111030447,-0.1211022276076944,1
3,2,3,2,2,0.3873980253985447,-0.3601944077087647,-0.10035023515051662,0.21432130968349078,3
3,1,4,1,1,-1.6568916511869602,0.5446623935894053,-0.07298189691976657,-0.6249092445567722,2
4,1,3,2,2,0.24457241248761613,-0.47048579097805104,-0.19233991804873266,-1.269351860609498,4
4,2,3,3,2,1.46642766164622,-0.33708063086866535,-0.22405676479515127,-0.5493800601075792,3
4,4,4,2,4,3.282153060056221,0.9906799454765138,0.5192104918547029,1.3495222488872172,3
3,2,4,3,2,1.0073491702779362,0.027113645264031115,0.8287408432276598,-0.045573043158501275,3
4,2,2,4,3,2.9776466539729847,-1.704600928946743,0.11183662739104644,-0.5968086828759425,4
3,1,4,1,1,-1.6568916511869602,0.5446623935894053,-0.07298189691976657,-0.6249092445567722,2
3,2,3,4,2,1.7649671551982724,-1.0187110810498086,0.5627395321905417,-0.11905344332992475,3
3,2,4,1,1,-1.12382096692822,1.007325890369313,-0.43624362733671435,0.2617499324518541,2
1,1,3,2,2,-0.9261628015558182,-1.5276021315099149,1.173414321896759,0.5216901192435888,3
2,2,4,2,2,-0.0716804659697391,0.003999868423931804,0.9524473728722945,0.7181283266325686,3
3,2,4,2,2,0.31856460537807235,0.35637198193455305,0.49719595955713075,0.12111433334820648,2
4,2,2,2,2,0.8464765167668286,-0.724388683841461,-1.1531478431733277,-0.28948570726558714,4
2,1,5,1,1,-2.115970142555244,0.9088566697221017,0.9798157111030447,-0.1211022276076944,2
4,3,3,2,2,1.3107137810050962,0.4548412025817643,-0.9188633788826283,0.503966493407755,3
3,2,4,3,3,1.7609501776843648,-0.29458192650020676,1.430635546450976,-0.019521265755441112,3
4,2,3,2,3,1.5312441041527847,-0.32951786596238125,0.04629305475763552,-0.35664090619781125,3
3,2,5,1,1,-1.1926543869486923,1.7238922800126308,0.16130256737093288,0.1685429561165698,1
5,1,5,1,1,-0.9452349285118093,1.9659730102539656,-0.38593852884244695,-1.9121442074607808,2
3,2,3,1,2,-0.3013865395013191,-0.03093607103824266,-0.4318951188210458,0.3810086861901985,3
2,2,4,2,2,-0.0716804659697391,0.003999868423931804,0.9524473728722945,0.7181283266325686,3
5,2,5,2,2,1.030221328053223,1.7776825985991132,0.1842393276344504,-1.1661206295558024,3
3,1,4,1,1,-1.6568916511869602,0.5446623935894053,-0.07298189691976657,-0.6249092445567722,1
3,2,3,1,1,-1.0549875469077477,0.29075950072599516,-1.0337898220443618,0.35495690878713837,2
2,1,5,2,2,-0.6735845702489514,0.25790276128734174,1.91325529799689,-0.261737826711342,3
2,2,2,2,1,-0.6876146333352229,-1.1074373390984658,-0.8445397197663161,0.8784905019000772,4
3,3,5,1,1,-0.6595837026899521,2.1865557767925385,-0.20195916304601483,1.0552021331251962,2
3,2,4,2,2,0.31856460537807235,0.35637198193455305,0.49719595955713075,0.12111433334820648,2
2,2,4,2,1,-0.8252814733761675,0.32569544018816965,0.35055266964897863,0.6920765492295086,2
3,2,4,1,1,-1.12382096692822,1.007325890369313,-0.43624362733671435,0.2617499324518541,2
3,2,3,1,1,-1.0549875469077477,0.29075950072599516,-1.0337898220443618,0.35495690878713837,2
3,2,4,2,2,0.31856460537807235,0.35637198193455305,0.49719595955713075,0.12111433334820648,3
2,1,4,1,1,-2.0471367225347716,0.19229028007878393,0.38226951639539725,-0.0278952512724101,2
5,1,3,2,2,0.6348174838354277,-0.11811367746742973,-0.6475913313638965,-1.8663658538938601,3
2,1,2,2,2,-0.4670843101875345,-1.8917964076426115,0.12061671387394766,0.017883102294510875,2
2,2,2,2,2,0.06598637407120558,-1.4291329108627038,-0.24264501654300022,0.9045422793031372,3
3,2,4,2,2,0.31856460537807235,0.35637198193455305,0.49719595955713075,0.12111433334820648,3
4,3,2,4,4,4.264318345638153,-1.563633003931073,0.3504696001974143,0.31590227153574413,4
3,1,2,3,2,0.6119453260601408,-1.8686826308025122,-0.0030898157706870247,-0.745818267496559,4
3,3,5,1,1,-0.6595837026899521,2.1865557767925385,-0.20195916304601483,1.0552021331251962,2
3,3,4,3,3,2.2940208619431046,0.16808157027970091,1.067373816034028,0.8671379112531853,3
2,1,3,3,2,0.15286683469185697,-1.5044883546698158,1.0497077922521243,-0.24201125054748115,2
3,2,3,2,2,0.3873980253985447,-0.3601944077087647,-0.10035023515051662,0.21432130968349078,3
1,1,5,1,1,-2.5062152139030553,0.5564845562114805,1.4350671244182087,0.4759117656766678,1
2,2,3,2,2,-0.0028470459492667376,-0.7125665212193858,0.3549011781646472,0.811335302967853,3
1,2,3,1,1,-1.8354776896033707,-0.4139847262952473,-0.12328699541403403,1.5489848953558625,2
4,2,2,3,1,0.781660074260264,-0.7319514487477452,-1.4234976627261147,-0.48222486117535507,3
2,2,2,1,1,-1.376399198235087,-0.7781790024279437,-1.1760846034368453,1.0451778784067847,2
2,3,4,2,1,-0.2922107891174276,0.7883589369680774,-0.012709060767969163,1.5787357262381345,3
3,2,5,2,2,0.24973118535760008,1.0729383715778706,1.0947421542647782,0.027907357012922192,3
2,2,3,2,1,-0.7564480533556952,-0.390870949455148,-0.2469935250586687,0.7852835255647929,3
3,2,3,2,2,0.3873980253985447,-0.3601944077087647,-0.10035023515051662,0.21432130968349078,3
4,2,3,1,1,-0.6647424755599362,0.6431316142366166,-1.4890412353595255,-0.24205708449722385,3
3,1,3,3,1,-0.21048910136676005,-0.8304206693949564,-0.007438324286355583,-0.8650770212349034,3
1,1,5,2,1,-1.8174306490031915,0.22722621954095854,1.7666120080887378,0.3092243891699601,2
2,5,1,2,2,1.734031846867898,-0.7577088101662982,-1.9299764025014912,3.657726786664301,4
3,1,5,1,1,-1.7257250712074326,1.2612287832327231,0.5245642977878807,-0.7181162208920565,1
3,2,2,2,2,0.45623144541901706,-1.0767607973520823,-0.697896429858164,0.3075282860187751,2
2,2,4,2,2,-0.0716804659697391,0.003999868423931804,0.9524473728722945,0.7181283266325686,3
1,1,5,1,1,-2.5062152139030553,0.5564845562114805,1.4350671244182087,0.4759117656766678,1
4,1,3,2,2,0.24457241248761613,-0.47048579097805104,-0.19233991804873266,-1.269351860609498,2
1,1,3,1,1,-2.3685483738621107,-0.8766482230751548,0.2399747350029138,0.6623257183472364,2
1,1,1,1,1,-2.230881533821166,-2.3097810023617904,-0.955117654412381,0.848739671017805,1
2,2,3,1,1,-1.4452326182555593,-0.061612612784626035,-0.5785384087291979,0.9519709020715006,4
4,2,1,3,1,0.8504934942807363,-1.4485178383910629,-2.021043857433762,-0.38901788484007077,3
1,1,5,2,1,-1.8174306490031915,0.22722621954095854,1.7666120080887378,0.3092243891699601,2
3,1,2,2,2,-0.07683923883972305,-1.5394242941319902,-0.33463469944121615,-0.5791308909898513,1
4,2,2,2,2,0.8464765167668286,-0.724388683841461,-1.1531478431733277,-0.28948570726558714,3
3,2,3,1,1,-1.0549875469077477,0.29075950072599516,-1.0337898220443618,0.35495690878713837,3
5,2,1,4,3,3.4367251453412684,-2.0687952050794394,-0.9409609806317647,-1.1006156998250203,5
4,4,3,2,2,1.8437844652638362,0.9175046993616719,-1.282125109299576,1.390625670416381,3
2,1,3,1,2,-1.2247022951078708,-0.8459716813287717,0.38661802491106595,0.09136350246593435,2
5,1,4,2,1,-0.1876169435914732,0.9201482839401258,-0.6519398398795652,-1.9856246076322046,2
5,3,1,3,2,2.5274102572937163,-0.9551777998647716,-2.2376622979425576,-0.07332092371274633,6
3,2,4,4,4,3.203335749990657,-0.9455358349349665,2.364075133344821,-0.16015686485908873,7
5,4,5,5,3,4.916317398676723,1.3935390103831247,1.0542452210354583,0.1331873723443875,5
2,1,5,1,1,-2.115970142555244,0.9088566697221017,0.9798157111030447,-0.1211022276076944,2
2,1,3,2,2,-0.5359177302080068,-1.1752300179992938,0.7181629085815951,-0.07532387404077341,3
4,2,5,2,2,0.6399762567054116,1.425310485088492,0.6394907409496142,-0.56910663627144,3
3,2,3,2,1,-0.3662029820078838,-0.03849883594452679,-0.7022449383738326,0.1882695322804306,3
1,2,2,2,1,-1.0778597046830345,-1.459809452609087,-0.38928830645115226,1.475504495184439,2
4,3,3,2,2,1.3107137810050962,0.4548412025817643,-0.9188633788826283,0.503966493407755,4
3,1,5,1,1,-1.7257250712074326,1.2612287832327231,0.5245642977878807,-0.7181162208920565,1
2,2,3,2,1,-0.7564480533556952,-0.390870949455148,-0.2469935250586687,0.7852835255647929,2
3,2,4,2,2,0.31856460537807235,0.35637198193455305,0.49719595955713075,0.12111433334820648,2
2,2,3,2,1,-0.7564480533556952,-0.390870949455148,-0.2469935250586687,0.7852835255647929,4
4,2,5,1,1,-0.8024093156008808,2.076264393523252,-0.2939488459442309,-0.4284710371677924,2
3,1,3,2,2,-0.14567265886019537,-0.8228579044886722,0.2629114952664312,-0.6723378673251356,2
4,3,4,3,4,3.4378669406973446,0.19875811202608448,1.21401710594218,0.2961756953718833,5
2,1,1,2,2,-0.39825089016706217,-2.6083627972859293,-0.47692948083369957,0.11109007862979516,3
3,2,4,2,2,0.31856460537807235,0.35637198193455305,0.49719595955713075,0.12111433334820648,3
4,4,2,3,4,4.108604464997029,-0.7717111704806435,-0.3443370138900626,1.3692488250510781,5
3,1,2,2,2,-0.07683923883972305,-1.5394242941319902,-0.33463469944121615,-0.5791308909898513,2
5,1,3,1,1,-0.8075680884708647,0.5328402309673301,-1.5810309182577416,-1.7257302547902125,3
2,1,2,1,2,-1.1558688750873984,-1.5625380709720893,-0.21092816979658155,0.18457047880121866,1
4,3,2,2,2,1.3795472010255685,-0.2617251870615535,-1.5164095735902756,0.5971734697430393,3
3,2,3,2,2,0.3873980253985447,-0.3601944077087647,-0.10035023515051662,0.21432130968349078,2
2,1,4,2,2,-0.6047511502284791,-0.45866362835597596,1.3157091032892425,-0.1685308503760577,2
3,3,3,2,2,0.9204687096572848,0.10246908907114305,-0.4636119655674644,1.100980486692117,4
3,3,4,2,2,0.8516352896368125,0.8190354787144608,0.1339342291401829,1.0077735103568328,4
5,4,3,2,2,2.2340295366116476,1.269876812872293,-1.73737652261474,0.7936116771320192,2
4,2,5,2,2,0.6399762567054116,1.425310485088492,0.6394907409496142,-0.56910663627144,1
4,1,5,4,4,2.991676717059256,-0.3392608285609353,2.8696316451542523,-1.7370370114873617,4
3,1,1,2,1,-0.7616068262256792,-1.9342951120110696,-1.5340755973721794,-0.5119756920576272,1
2,2,4,2,1,-0.8252814733761675,0.32569544018816965,0.35055266964897863,0.6920765492295086,1
3,2,3,3,2,1.0761825902984086,-0.6894527443792865,0.2311946485200125,0.04763393317678302,4
3,2,3,2,1,-0.3662029820078838,-0.03849883594452679,-0.7022449383738326,0.1882695322804306,2
3,2,4,2,2,0.31856460537807235,0.35637198193455305,0.49719595955713075,0.12111433334820648,4
5,2,5,1,1,-0.41216424425306925,2.428636507033873,-0.7492002592593948,-1.0254850304521548,3
2,2,4,4,2,1.3058886638299885,-0.6545168049171121,1.615537140213353,0.38475357361915313,2
2,2,3,2,2,-0.0028470459492667376,-0.7125665212193858,0.3549011781646472,0.811335302967853,3
3,1,4,1,1,-1.6568916511869602,0.5446623935894053,-0.07298189691976657,-0.6249092445567722,2
2,2,3,2,2,-0.0028470459492667376,-0.7125665212193858,0.3549011781646472,0.811335302967853,1
3,2,3,1,1,-1.0549875469077477,0.29075950072599516,-1.0337898220443618,0.35495690878713837,1
3,1,3,2,2,-0.14567265886019537,-0.8228579044886722,0.2629114952664312,-0.6723378673251356,3
3,2,5,1,2,-0.43905337954226376,1.4021967082483928,0.7631972705942488,0.19459473351962997,1
3,2,3,1,1,-1.0549875469077477,0.29075950072599516,-1.0337898220443618,0.35495690878713837,3
4,4,2,2,2,1.9126178852843085,0.20093830971835414,-1.8796713040072235,1.4838326467516654,5
5,3,4,2,1,0.8785244249260069,1.8454752774999412,-1.3784633007134608,-0.21230625361495162,3
4,2,4,3,3,2.151195249032176,0.057790187010414586,0.975384133135812,-0.6165352590398032,4
2,1,3,2,2,-0.5359177302080068,-1.1752300179992938,0.7181629085815951,-0.07532387404077341,2
2,2,4,2,1,-0.8252814733761675,0.32569544018816965,0.35055266964897863,0.6920765492295086,2
3,2,4,2,3,1.072165612784501,0.03467641017031523,1.0990906627804466,0.14716611075126665,3
2,2,3,2,2,-0.0028470459492667376,-0.7125665212193858,0.3549011781646472,0.811335302967853,3
2,2,5,1,1,-1.582899458296504,1.3715201665020096,0.6165539806860968,0.765556949400932,2
4,3,3,2,1,0.5571127735986678,0.7765367743460022,-1.520758082105944,0.4779147160046949,3
4,1,2,2,1,-0.4401951748983401,-0.8653566088571311,-1.3917808159796958,-1.202196661677274,3
3,2,3,1,1,-1.0549875469077477,0.29075950072599516,-1.0337898220443618,0.35495690878713837,2
2,2,4,2,1,-0.8252814733761675,0.32569544018816965,0.35055266964897863,0.6920765492295086,2
3,2,5,2,2,0.24973118535760008,1.0729383715778706,1.0947421542647782,0.027907357012922192,1
5,1,5,1,1,-0.9452349285118093,1.9659730102539656,-0.38593852884244695,-1.9121442074607808,2
4,2,4,2,3,1.4624106841323123,0.3870485236809365,0.6438392494652828,-0.4498478825330955,2
3,2,3,1,2,-0.3013865395013191,-0.03093607103824266,-0.4318951188210458,0.3810086861901985,3
3,2,3,2,2,0.3873980253985447,-0.3601944077087647,-0.10035023515051662,0.21432130968349078,3
3,2,3,2,2,0.3873980253985447,-0.3601944077087647,-0.10035023515051662,0.21432130968349078,3
5,3,3,2,2,1.7009588523529076,0.8072133160923858,-1.374114792197792,-0.09304749987660715,4
2,1,2,2,2,-0.4670843101875345,-1.8917964076426115,0.12061671387394766,0.017883102294510875,2
3,1,2,2,2,-0.07683923883972305,-1.5394242941319902,-0.33463469944121615,-0.5791308909898513,2
3,3,5,1,1,-0.6595837026899521,2.1865557767925385,-0.20195916304601483,1.0552021331251962,4
3,1,4,2,2,-0.2145060788806677,-0.1062915148453546,0.8604576899740786,-0.7655448436604199,3
1,2,1,1,1,-1.697810849562426,-1.8471175055818827,-1.3183793848293288,1.735398848026431,1
2,2,4,1,1,-1.5140660382760316,0.6549537768586917,0.019007785978449397,0.8587639257362163,2
3,1,3,1,1,-1.588058231166488,-0.1719039960539125,-0.670528091627414,-0.5317022682214879,2
2,2,2,1,1,-1.376399198235087,-0.7781790024279437,-1.1760846034368453,1.0451778784067847,3
4,2,3,2,2,0.7776430967463562,-0.007822294198143334,-0.5556016484656804,-0.38269268360087144,1
2,2,2,2,1,-0.6876146333352229,-1.1074373390984658,-0.8445397197663161,0.8784905019000772,2
2,3,5,1,2,-0.2962277666313352,1.5124880915176793,0.8551869534924649,1.6782679038126183,5
4,1,3,2,1,-0.5090285949188124,-0.14879021921381314,-0.7942346212720486,-1.2954036380125582,2
3,1,3,2,2,-0.14567265886019537,-0.8228579044886722,0.2629114952664312,-0.6723378673251356,2
2,2,3,2,1,-0.7564480533556952,-0.390870949455148,-0.2469935250586687,0.7852835255647929,3
4,2,3,2,2,0.7776430967463562,-0.007822294198143334,-0.5556016484656804,-0.38269268360087144,3
2,1,3,2,2,-0.5359177302080068,-1.1752300179992938,0.7181629085815951,-0.07532387404077341,2
2,1,4,1,2,-1.293535715128343,-0.12940529168545395,0.9841642196187131,-0.0018434738693499425,2
3,2,5,2,2,0.24973118535760008,1.0729383715778706,1.0947421542647782,0.027907357012922192,2
1,1,3,1,1,-2.3685483738621107,-0.8766482230751548,0.2399747350029138,0.6623257183472364,2
4,1,5,1,2,-0.5818789924531924,1.2919053249791064,0.6712075876960328,-1.2890784367733588,3
4,1,4,2,1,-0.5778620149392847,0.5677761704295046,-0.19668842656440122,-1.3886106143478425,2
2,1,2,2,2,-0.4670843101875345,-1.8917964076426115,0.12061671387394766,0.017883102294510875,2
2,2,2,1,1,-1.376399198235087,-0.7781790024279437,-1.1760846034368453,1.0451778784067847,3
2,1,3,1,1,-1.9783033025142993,-0.5242761095645339,-0.21527667831224997,0.06531172506287418,2
3,2,5,3,2,0.9385157502574639,0.7436800349073489,1.4262870379353072,-0.13878001949378554,3
4,2,3,2,2,0.7776430967463562,-0.007822294198143334,-0.5556016484656804,-0.38269268360087144,3
3,2,3,2,2,0.3873980253985447,-0.3601944077087647,-0.10035023515051662,0.21432130968349078,3
3,2,5,2,2,0.24973118535760008,1.0729383715778706,1.0947421542647782,0.027907357012922192,3
2,2,5,1,1,-1.582899458296504,1.3715201665020096,0.6165539806860968,0.765556949400932,1
3,2,2,2,1,-0.2973695619874115,-0.7550652255878445,-1.29979113308148,0.28147650861571494,2
3,3,3,2,2,0.9204687096572848,0.10246908907114305,-0.4636119655674644,1.100980486692117,4
2,1,3,1,1,-1.9783033025142993,-0.5242761095645339,-0.21527667831224997,0.06531172506287418,1
2,2,4,2,2,-0.0716804659697391,0.003999868423931804,0.9524473728722945,0.7181283266325686,2
2,1,3,2,2,-0.5359177302080068,-1.1752300179992938,0.7181629085815951,-0.07532387404077341,2
3,1,3,2,1,-0.8992736662666239,-0.5011623327244344,-0.3389832079568847,-0.6983896447281956,3
3,1,2,3,2,0.6119453260601408,-1.8686826308025122,-0.0030898157706870247,-0.745818267496559,5
2,1,3,1,1,-1.9783033025142993,-0.5242761095645339,-0.21527667831224997,0.06531172506287418,3
5,4,3,2,2,2.2340295366116476,1.269876812872293,-1.73737652261474,0.7936116771320192,3
4,1,4,2,2,0.1757389924671438,0.24608059866526671,0.40520627665891473,-1.3625588369447823,3
2,1,4,2,2,-0.6047511502284791,-0.45866362835597596,1.3157091032892425,-0.1685308503760577,2
3,1,2,2,2,-0.07683923883972305,-1.5394242941319902,-0.33463469944121615,-0.5791308909898513,4
4,1,2,2,2,0.3134058325080884,-1.187052180621369,-0.78988611275638,-1.1761448842742137,2
4,2,3,2,2,0.7776430967463562,-0.007822294198143334,-0.5556016484656804,-0.38269268360087144,4
2,2,5,2,2,-0.14051388599021142,0.7205662580672496,1.549993567579942,0.6249213502972844,3
5,4,4,4,4,5.04996726120376,0.6845353856460914,0.7270488458805975,0.4191335025894397,4
2,2,4,1,1,-1.5140660382760316,0.6549537768586917,0.019007785978449397,0.8587639257362163,2
2,1,4,2,2,-0.6047511502284791,-0.45866362835597596,1.3157091032892425,-0.1685308503760577,2
1,1,2,2,2,-0.8573293815353459,-2.2441685211532327,0.5758681271891115,0.6148970955788731,2
4,1,2,2,3,1.067006839914517,-1.5087477523856068,-0.1879914095330641,-1.1500931068711535,3
4,2,3,1,1,-0.6647424755599362,0.6431316142366166,-1.4890412353595255,-0.24205708449722385,2
4,3,5,2,2,1.1730469409641517,1.8879739818683996,0.27622901053266635,0.3175525407371864,3
2,1,3,2,2,-0.5359177302080068,-1.1752300179992938,0.7181629085815951,-0.07532387404077341,2
3,2,4,2,2,0.31856460537807235,0.35637198193455305,0.49719595955713075,0.12111433334820648,3
3,2,2,4,1,1.0801995678123162,-1.4135818989288884,-0.6367013657404217,-0.0518982443977006,5
3,2,3,1,1,-1.0549875469077477,0.29075950072599516,-1.0337898220443618,0.35495690878713837,3
4,4,2,2,2,1.9126178852843085,0.20093830971835414,-1.8796713040072235,1.4838326467516654,5
3,1,4,3,3,1.2278794934256245,-0.7572454232801143,1.7938972768679238,-0.9061804427640674,3
4,2,4,2,1,-0.044791330680544666,1.0304396672094123,-0.5599501569813491,-0.5019514373392158,1
5,2,5,1,1,-0.41216424425306925,2.428636507033873,-0.7492002592593948,-1.0254850304521548,3
5,2,3,4,2,2.545457297893895,-0.31396685402856617,-0.34776329443978593,-1.313081429898649,3
1,1,4,1,1,-2.437381793882583,-0.16008183343183724,0.8375209297105611,0.5691187420119522,2
4,2,3,2,1,0.024042089339927717,0.3138732775660945,-1.1574963516889962,-0.4087444610039316,3
3,1,4,1,1,-1.6568916511869602,0.5446623935894053,-0.07298189691976657,-0.6249092445567722,2
3,2,4,2,1,-0.43503640202835614,0.678067553698791,-0.10469874366618519,0.09506255594514632,2
5,2,3,2,2,1.1678881680941677,0.3445498193124778,-1.0108530617808442,-0.9797066768852335,1
4,2,2,2,1,0.09287550936040004,-0.40269311207722325,-1.7550425463966437,-0.3155374846686473,3
2,1,5,2,2,-0.6735845702489514,0.25790276128734174,1.91325529799689,-0.261737826711342,1
5,2,3,2,2,1.1678881680941677,0.3445498193124778,-1.0108530617808442,-0.9797066768852335,3
2,2,3,2,1,-0.7564480533556952,-0.390870949455148,-0.2469935250586687,0.7852835255647929,3
3,1,2,2,3,0.6767617685667056,-1.861119865896228,0.2672600037820998,-0.5530791135867911,3
3,2,1,4,3,2.6562350026456456,-2.773539432100682,-0.03045815400143708,0.09341228674370401,4
2,2,3,2,2,-0.0028470459492667376,-0.7125665212193858,0.3549011781646472,0.811335302967853,3
3,2,3,2,2,0.3873980253985447,-0.3601944077087647,-0.10035023515051662,0.21432130968349078,4
2,3,3,2,2,0.5302236383094733,-0.24990302443947823,-0.008360552252300606,1.697994479976479,3
3,1,5,2,3,0.47026150850528853,0.2885793030337252,2.059898587905042,-0.832700042592644,4
4,4,5,4,4,4.590888769835476,1.0487296617787876,1.7798464539034087,0.9229405195385175,3
1,1,5,2,2,-1.063829641596763,-0.09446935222327935,2.3685067113120537,0.33527616657302023,2
2,2,2,2,2,0.06598637407120558,-1.4291329108627038,-0.24264501654300022,0.9045422793031372,3
3,2,4,2,2,0.31856460537807235,0.35637198193455305,0.49719595955713075,0.12111433334820648,3
4,5,4,3,2,2.996806294401968,1.7674762491143756,-0.7162957613383474,2.0173904945830157,7
3,2,2,2,2,0.45623144541901706,-1.0767607973520823,-0.697896429858164,0.3075282860187751,3
3,1,3,2,2,-0.14567265886019537,-0.8228579044886722,0.2629114952664312,-0.6723378673251356,2
2,2,5,2,2,-0.14051388599021142,0.7205662580672496,1.549993567579942,0.6249213502972844,2
3,1,3,2,2,-0.14567265886019537,-0.8228579044886722,0.2629114952664312,-0.6723378673251356,3
3,2,2,3,2,1.145016010318881,-1.4060191340226045,-0.3663515461876349,0.14084090951206735,5
2,1,5,2,2,-0.6735845702489514,0.25790276128734174,1.91325529799689,-0.261737826711342,2
3,2,4,2,1,-0.43503640202835614,0.678067553698791,-0.10469874366618519,0.09506255594514632,3
2,3,2,3,3,2.041442630636238,-1.6174233225175558,0.32753283993389715,1.6505658572081159,3
4,3,5,1,1,-0.2693386313421407,2.5389278903031594,-0.6572105763611787,0.458188139840834,2
5,1,5,3,3,1.9395362161007752,0.6640651933844457,1.4809406449452434,-2.193415405668076,1
2,1,4,2,1,-1.3583521576349078,-0.13696805659173805,0.7138144000659264,-0.19458262777911786,3
4,2,1,2,2,0.9153099367873009,-1.440955073484779,-1.750694037880975,-0.19627873093030285,3
2,2,4,2,2,-0.0716804659697391,0.003999868423931804,0.9524473728722945,0.7181283266325686,3
2,1,2,2,1,-1.2206853175939631,-1.5701008358783735,-0.4812779893493682,-0.008168675108549284,3
4,3,4,2,3,1.9954813683910524,0.8497120204608442,0.28057751904833494,0.4368112944755309,2
2,1,5,1,1,-2.115970142555244,0.9088566697221017,0.9798157111030447,-0.1211022276076944,1
3,1,2,2,1,-0.8304402462461515,-1.2177287223677522,-0.9365294026645321,-0.6051826683929113,2
3,2,4,2,1,-0.43503640202835614,0.678067553698791,-0.10469874366618519,0.09506255594514632,2
1,1,2,2,2,-0.8573293815353459,-2.2441685211532327,0.5758681271891115,0.6148970955788731,3
4,1,4,2,2,0.1757389924671438,0.24608059866526671,0.40520627665891473,-1.3625588369447823,2
5,4,5,2,1,1.3427616891642744,3.024705163923166,-1.1441788364227612,0.5811459470583905,3
3,1,4,2,3,0.5390949285257609,-0.4279870866095925,1.4623523931973945,-0.7394930662573597,3
3,1,2,2,2,-0.07683923883972305,-1.5394242941319902,-0.33463469944121615,-0.5791308909898513,3
4,3,5,1,1,-0.2693386313421407,2.5389278903031594,-0.6572105763611787,0.458188139840834,3
3,1,4,2,1,-0.9681070862870962,0.21540405691888329,0.25856298675076267,-0.7915966210634799,2
5,2,5,1,1,-0.41216424425306925,2.428636507033873,-0.7492002592593948,-1.0254850304521548,2
2,1,2,2,1,-1.2206853175939631,-1.5701008358783735,-0.4812779893493682,-0.008168675108549284,2
3,2,3,2,1,-0.3662029820078838,-0.03849883594452679,-0.7022449383738326,0.1882695322804306,3
3,2,3,1,1,-1.0549875469077477,0.29075950072599516,-1.0337898220443618,0.35495690878713837,2
5,5,5,2,2,2.6294333808294432,3.1656730889388363,-0.9055458636163932,1.4938569014700769,4
5,2,1,2,1,0.5519540007286838,-0.7668873882099196,-2.807840154419455,-0.819344501617725,5
3,1,2,3,3,1.3655463334665692,-2.19037820256675,0.5988048874526288,-0.7197664900934988,3
4,2,3,3,3,2.2200286690526485,-0.6587762026329032,0.3778379384281647,-0.523328282704519,3
2,2,4,3,2,0.6171040989301247,-0.3252584682465902,1.2839922565428237,0.5514409501258609,3
2,2,3,2,2,-0.0028470459492667376,-0.7125665212193858,0.3549011781646472,0.811335302967853,3
3,2,4,2,1,-0.43503640202835614,0.678067553698791,-0.10469874366618519,0.09506255594514632,3
2,2,4,2,1,-0.8252814733761675,0.32569544018816965,0.35055266964897863,0.6920765492295086,2
2,3,3,2,1,-0.2233773690969553,0.07179254732475963,-0.6102552554756165,1.6719427025734188,4
2,2,3,2,2,-0.0028470459492667376,-0.7125665212193858,0.3549011781646472,0.811335302967853,4
4,2,3,4,4,3.662414241358941,-1.309730111067663,1.3112775253220097,-0.6639638818081666,3
1,1,3,2,2,-0.9261628015558182,-1.5276021315099149,1.173414321896759,0.5216901192435888,2
3,1,2,1,1,-1.5192248111460156,-0.8884703856972301,-1.2680742863350614,-0.4384952918862037,3
3,2,3,4,4,3.2721691700111295,-1.6621022245782844,1.7665289386371736,-0.06694988852380444,2
4,3,4,2,1,0.4882793535781954,1.49310316398932,-0.923211887398297,0.3847077396694106,3
2,1,2,2,2,-0.4670843101875345,-1.8917964076426115,0.12061671387394766,0.017883102294510875,2
4,1,3,2,1,-0.5090285949188124,-0.14879021921381314,-0.7942346212720486,-1.2954036380125582,3
3,2,3,2,1,-0.3662029820078838,-0.03849883594452679,-0.7022449383738326,0.1882695322804306,2
4,2,4,2,2,0.7088096767258839,0.7087440954451745,0.041944546241966876,-0.4758996599361557,3
3,2,2,3,2,1.145016010318881,-1.4060191340226045,-0.3663515461876349,0.14084090951206735,3
1,1,3,1,1,-2.3685483738621107,-0.8766482230751548,0.2399747350029138,0.6623257183472364,1
4,3,1,2,2,1.4483806210460408,-0.978291576704871,-2.113955768297923,0.6903804460783236,3
3,3,3,2,2,0.9204687096572848,0.10246908907114305,-0.4636119655674644,1.100980486692117,3
5,2,5,2,2,1.030221328053223,1.7776825985991132,0.1842393276344504,-1.1661206295558024,2
2,1,2,2,1,-1.2206853175939631,-1.5701008358783735,-0.4812779893493682,-0.008168675108549284,3
3,1,3,2,2,-0.14567265886019537,-0.8228579044886722,0.2629114952664312,-0.6723378673251356,3
2,1,3,2,1,-1.2895187376144355,-0.8535344462350559,0.11626820535827921,-0.10137565144383358,2
2,2,5,1,2,-0.8292984508900753,1.0498245947377716,1.2184486839094129,0.7916087268039921,1
3,2,3,1,1,-1.0549875469077477,0.29075950072599516,-1.0337898220443618,0.35495690878713837,3
3,2,3,2,2,0.3873980253985447,-0.3601944077087647,-0.10035023515051662,0.21432130968349078,4
4,2,2,2,1,0.09287550936040004,-0.40269311207722325,-1.7550425463966437,-0.3155374846686473,3
3,1,3,1,1,-1.588058231166488,-0.1719039960539125,-0.670528091627414,-0.5317022682214879,3
3,2,3,3,2,1.0761825902984086,-0.6894527443792865,0.2311946485200125,0.04763393317678302,5
3,2,3,1,1,-1.0549875469077477,0.29075950072599516,-1.0337898220443618,0.35495690878713837,3
3,1,4,1,2,-0.9032906437805316,0.22296682182516742,0.5289128063035493,-0.5988574671537121,2
3,1,4,2,2,-0.2145060788806677,-0.1062915148453546,0.8604576899740786,-0.7655448436604199,3
1,1,3,1,1,-2.3685483738621107,-0.8766482230751548,0.2399747350029138,0.6623257183472364,3
2,1,3,2,2,-0.5359177302080068,-1.1752300179992938,0.7181629085815951,-0.07532387404077341,2
4,2,3,2,2,0.7776430967463562,-0.007822294198143334,-0.5556016484656804,-0.38269268360087144,4
2,2,3,2,2,-0.0028470459492667376,-0.7125665212193858,0.3549011781646472,0.811335302967853,3
3,1,5,2,1,-1.0369405063075685,0.931970446562201,0.85610918145841,-0.8848035973987642,2
3,3,3,2,2,0.9204687096572848,0.10246908907114305,-0.4636119655674644,1.100980486692117,3
3,2,5,1,1,-1.1926543869486923,1.7238922800126308,0.16130256737093288,0.1685429561165698,1
1,1,4,2,2,-0.9949962215762905,-0.811035741866597,1.7709605166044065,0.4284831429083045,2
3,1,4,2,1,-0.9681070862870962,0.21540405691888329,0.25856298675076267,-0.7915966210634799,1
4,1,3,4,2,1.6221415422873438,-1.129002464319095,0.4707498492923257,-1.6027266136229135,3
1,1,5,1,1,-2.5062152139030553,0.5564845562114805,1.4350671244182087,0.4759117656766678,1
3,2,3,3,2,1.0761825902984086,-0.6894527443792865,0.2311946485200125,0.04763393317678302,3
3,2,3,2,2,0.3873980253985447,-0.3601944077087647,-0.10035023515051662,0.21432130968349078,2
1,1,3,1,1,-2.3685483738621107,-0.8766482230751548,0.2399747350029138,0.6623257183472364,2
3,1,2,1,1,-1.5192248111460156,-0.8884703856972301,-1.2680742863350614,-0.4384952918862037,3
5,2,5,2,2,1.030221328053223,1.7776825985991132,0.1842393276344504,-1.1661206295558024,3
2,1,3,2,2,-0.5359177302080068,-1.1752300179992938,0.7181629085815951,-0.07532387404077341,3
5,1,4,3,3,2.0083696361212477,-0.05250119625887186,0.8833944502375959,-2.100208429332792,2
2,1,4,1,2,-1.293535715128343,-0.12940529168545395,0.9841642196187131,-0.0018434738693499425,1
3,2,2,2,2,0.45623144541901706,-1.0767607973520823,-0.697896429858164,0.3075282860187751,3
1,1,3,1,1,-2.3685483738621107,-0.8766482230751548,0.2399747350029138,0.6623257183472364,2
3,2,5,1,1,-1.1926543869486923,1.7238922800126308,0.16130256737093288,0.1685429561165698,2
2,2,4,5,4,3.5018752435427096,-1.62716628511611,3.150871430330514,0.2701697519185657,4
2,1,2,1,1,-1.909469882493827,-1.2408424992078513,-0.8128228730198975,0.1585187013981585,1
2,1,1,1,1,-1.8406364624733547,-1.9574088888511694,-1.4103690677275447,0.25172567773344273,2
3,4,4,2,2,1.3847059738955523,1.2816989754943684,-0.2293275012767649,1.894432687365459,3
3,1,3,2,1,-0.8992736662666239,-0.5011623327244344,-0.3389832079568847,-0.6983896447281956,2
4,3,4,2,1,0.4882793535781954,1.49310316398932,-0.923211887398297,0.3847077396694106,4
4,1,3,2,2,0.24457241248761613,-0.47048579097805104,-0.19233991804873266,-1.269351860609498,3
4,1,2,2,2,0.3134058325080884,-1.187052180621369,-0.78988611275638,-1.1761448842742137,2
3,2,4,2,2,0.31856460537807235,0.35637198193455305,0.49719595955713075,0.12111433334820648,2
4,3,4,3,3,2.6842659332909165,0.5204536837903223,0.612122402718864,0.2701239179688231,4
5,2,4,1,1,-0.34333082423259703,1.7120701173905557,-1.3467464539670422,-0.9322780541168703,3
2,2,3,3,3,1.4395385263570255,-1.3635204296541457,1.2883407650584924,0.6706997038642054,3
3,2,3,4,2,1.7649671551982724,-1.0187110810498086,0.5627395321905417,-0.11905344332992475,3
3,3,3,2,2,0.9204687096572848,0.10246908907114305,-0.4636119655674644,1.100980486692117,3
3,1,4,3,2,0.47427848601919614,-0.4355498515158766,1.1920025736446078,-0.9322322201671276,3
2,2,3,2,2,-0.0028470459492667376,-0.7125665212193858,0.3549011781646472,0.811335302967853,3
1,2,5,1,1,-1.9731445296443153,1.019148052991388,1.0718053940012606,1.3625709426852939,1
3,2,3,2,2,0.3873980253985447,-0.3601944077087647,-0.10035023515051662,0.21432130968349078,2
2,1,3,1,3,-0.47110128770144216,-1.1676672530930094,0.9885127281343818,0.1174152798689945,2
2,1,3,2,2,-0.5359177302080068,-1.1752300179992938,0.7181629085815951,-0.07532387404077341,3
4,2,4,2,2,0.7088096767258839,0.7087440954451745,0.041944546241966876,-0.4758996599361557,3
2,1,3,1,1,-1.9783033025142993,-0.5242761095645339,-0.21527667831224997,0.06531172506287418,1
3,2,3,2,1,-0.3662029820078838,-0.03849883594452679,-0.7022449383738326,0.1882695322804306,3
5,4,2,3,2,2.9916475215319838,0.22405208655845338,-2.003377833651858,0.7201312769605958,5
2,2,4,2,2,-0.0716804659697391,0.003999868423931804,0.9524473728722945,0.7181283266325686,3
3,1,3,2,1,-0.8992736662666239,-0.5011623327244344,-0.3389832079568847,-0.6983896447281956,2
3,3,3,2,2,0.9204687096572848,0.10246908907114305,-0.4636119655674644,1.100980486692117,3
2,2,5,2,1,-0.8941148933966399,1.0422618298314874,0.948098864356626,0.5988695728942243,2
2,1,2,2,2,-0.4670843101875345,-1.8917964076426115,0.12061671387394766,0.017883102294510875,3
3,2,3,2,2,0.3873980253985447,-0.3601944077087647,-0.10035023515051662,0.21432130968349078,3
5,1,5,3,2,1.1859352086943467,0.9857607651486836,0.8790459417219273,-2.219467183071136,3
3,1,3,1,1,-1.588058231166488,-0.1719039960539125,-0.670528091627414,-0.5317022682214879,2
1,1,4,2,1,-1.7485972289827192,-0.4893401701023592,1.1690658133810905,0.4024313655052444,3
3,2,3,2,2,0.3873980253985447,-0.3601944077087647,-0.10035023515051662,0.21432130968349078,4
2,1,3,1,1,-1.9783033025142993,-0.5242761095645339,-0.21527667831224997,0.06531172506287418,1
2,1,3,3,3,0.9064678420982856,-1.8261839264340536,1.6516024954754402,-0.215959473144421,2
2,2,5,1,2,-0.8292984508900753,1.0498245947377716,1.2184486839094129,0.7916087268039921,2
3,2,3,2,2,0.3873980253985447,-0.3601944077087647,-0.10035023515051662,0.21432130968349078,4
2,2,3,1,1,-1.4452326182555593,-0.061612612784626035,-0.5785384087291979,0.9519709020715006,2
4,1,4,3,3,1.6181245647734361,-0.40487330976949315,1.3386458635527598,-1.5031944360484297,3
2,1,5,1,1,-2.115970142555244,0.9088566697221017,0.9798157111030447,-0.1211022276076944,2
3,3,4,2,1,0.09803428223038393,1.1407310504786987,-0.467960474083133,0.9817217329537727,4
2,2,5,2,2,-0.14051388599021142,0.7205662580672496,1.549993567579942,0.6249213502972844,1
4,2,3,1,2,0.08885853184649234,0.3214360424723786,-0.8871465321362096,-0.21600530709416368,3
4,2,3,2,2,0.7776430967463562,-0.007822294198143334,-0.5556016484656804,-0.38269268360087144,1
2,1,4,1,2,-1.293535715128343,-0.12940529168545395,0.9841642196187131,-0.0018434738693499425,1
3,2,2,1,1,-0.9861541268872753,-0.42580688891732255,-1.631336016752009,0.44816388512242267,4
3,3,4,3,3,2.2940208619431046,0.16808157027970091,1.067373816034028,0.8671379112531853,2
2,1,3,2,1,-1.2895187376144355,-0.8535344462350559,0.11626820535827921,-0.10137565144383358,2
3,1,3,1,1,-1.588058231166488,-0.1719039960539125,-0.670528091627414,-0.5317022682214879,1
4,2,4,3,2,1.3975942416257476,0.3794857587746524,0.37348942991249606,-0.6425870364428634,3
3,2,4,2,2,0.31856460537807235,0.35637198193455305,0.49719595955713075,0.12111433334820648,3
2,1,4,1,1,-2.0471367225347716,0.19229028007878393,0.38226951639539725,-0.0278952512724101,2
4,4,5,2,2,1.7061176252228916,2.350637478648307,-0.08703271988428142,1.2042117177458125,4
4,1,4,1,1,-1.2666465798391486,0.8970345071000265,-0.5282333102349305,-1.2219232378411347,2
2,1,3,2,2,-0.5359177302080068,-1.1752300179992938,0.7181629085815951,-0.07532387404077341,2
5,2,3,2,2,1.1678881680941677,0.3445498193124778,-1.0108530617808442,-0.9797066768852335,3
3,2,3,1,1,-1.0549875469077477,0.29075950072599516,-1.0337898220443618,0.35495690878713837,2
4,1,3,1,1,-1.1978131598186763,0.18046811745670885,-1.1257795049425778,-1.1287162615058504,2
2,1,3,1,1,-1.9783033025142993,-0.5242761095645339,-0.21527667831224997,0.06531172506287418,2
3,2,2,3,2,1.145016010318881,-1.4060191340226045,-0.3663515461876349,0.14084090951206735,4
4,1,3,4,3,2.3757425496937725,-1.4506980360833328,1.0726445525156416,-1.5766748362198533,2
3,3,2,2,2,0.9893021296777571,-0.6140973005721747,-1.0611581602751117,1.1941874630274012,2
4,2,1,2,2,0.9153099367873009,-1.440955073484779,-1.750694037880975,-0.19627873093030285,2
3,1,3,1,1,-1.588058231166488,-0.1719039960539125,-0.670528091627414,-0.5317022682214879,2
4,1,4,1,1,-1.2666465798391486,0.8970345071000265,-0.5282333102349305,-1.2219232378411347,1
4,1,3,1,1,-1.1978131598186763,0.18046811745670885,-1.1257795049425778,-1.1287162615058504,2
3,1,5,1,1,-1.7257250712074326,1.2612287832327231,0.5245642977878807,-0.7181162208920565,2
4,2,3,2,2,0.7776430967463562,-0.007822294198143334,-0.5556016484656804,-0.38269268360087144,3
3,2,4,2,2,0.31856460537807235,0.35637198193455305,0.49719595955713075,0.12111433334820648,2
5,2,5,4,2,2.407790457852951,1.1191659252580692,0.8473290949755088,-1.4994953825692179,4
2,2,4,2,2,-0.0716804659697391,0.003999868423931804,0.9524473728722945,0.7181283266325686,3
4,2,5,2,1,-0.11362475070101699,1.74700605685273,0.03759603772629829,-0.5951584136745001,3
2,2,3,2,2,-0.0028470459492667376,-0.7125665212193858,0.3549011781646472,0.811335302967853,3
5,2,2,1,1,-0.20566398419165235,0.2789373381039199,-2.5418388433823367,-0.7458641014463016,2
3,2,3,1,2,-0.3013865395013191,-0.03093607103824266,-0.4318951188210458,0.3810086861901985,3
4,2,2,2,1,0.09287550936040004,-0.40269311207722325,-1.7550425463966437,-0.3155374846686473,3
3,2,3,1,1,-1.0549875469077477,0.29075950072599516,-1.0337898220443618,0.35495690878713837,3
3,2,2,2,2,0.45623144541901706,-1.0767607973520823,-0.697896429858164,0.3075282860187751,4
3,1,3,2,2,-0.14567265886019537,-0.8228579044886722,0.2629114952664312,-0.6723378673251356,3
2,2,3,1,2,-0.6916316108491306,-0.38330818454886395,0.023356294494118038,0.9780226794745607,2
2,1,3,2,1,-1.2895187376144355,-0.8535344462350559,0.11626820535827921,-0.10137565144383358,3
3,2,3,3,2,1.0761825902984086,-0.6894527443792865,0.2311946485200125,0.04763393317678302,3
3,1,3,4,2,1.2318964709395324,-1.4813745778297163,0.9260012626074896,-1.0057126203385511,3
5,1,3,1,1,-0.8075680884708647,0.5328402309673301,-1.5810309182577416,-1.7257302547902125,3
2,1,3,1,1,-1.9783033025142993,-0.5242761095645339,-0.21527667831224997,0.06531172506287418,3
3,1,4,1,2,-0.9032906437805316,0.22296682182516742,0.5289128063035493,-0.5988574671537121,3
5,2,2,2,2,1.2367215881146398,-0.37201657033083996,-1.6083992564884915,-0.8864997005499492,6
5,2,2,2,2,1.2367215881146398,-0.37201657033083996,-1.6083992564884915,-0.8864997005499492,3
2,1,3,2,2,-0.5359177302080068,-1.1752300179992938,0.7181629085815951,-0.07532387404077341,3
4,2,3,2,1,0.024042089339927717,0.3138732775660945,-1.1574963516889962,-0.4087444610039316,2
2,1,2,1,1,-1.909469882493827,-1.2408424992078513,-0.8128228730198975,0.1585187013981585,2
4,2,4,2,1,-0.044791330680544666,1.0304396672094123,-0.5599501569813491,-0.5019514373392158,3
3,2,3,2,2,0.3873980253985447,-0.3601944077087647,-0.10035023515051662,0.21432130968349078,3
5,1,4,2,2,0.5659840638149554,0.598452712175888,-0.0500451366562492,-1.9595728302291444,3
2,2,3,1,2,-0.6916316108491306,-0.38330818454886395,0.023356294494118038,0.9780226794745607,2
2,1,4,2,2,-0.6047511502284791,-0.45866362835597596,1.3157091032892425,-0.1685308503760577,2
3,3,5,1,1,-0.6595837026899521,2.1865557767925385,-0.20195916304601483,1.0552021331251962,2
4,3,1,3,2,2.137165185945905,-1.3075499133753932,-1.7824108846273936,0.5236930695716159,4
3,1,3,1,1,-1.588058231166488,-0.1719039960539125,-0.670528091627414,-0.5317022682214879,2
3,2,4,2,2,0.31856460537807235,0.35637198193455305,0.49719595955713075,0.12111433334820648,3
3,2,4,2,2,0.31856460537807235,0.35637198193455305,0.49719595955713075,0.12111433334820648,3
3,1,4,1,1,-1.6568916511869602,0.5446623935894053,-0.07298189691976657,-0.6249092445567722,1
3,1,3,2,2,-0.14567265886019537,-0.8228579044886722,0.2629114952664312,-0.6723378673251356,3
4,2,5,2,1,-0.11362475070101699,1.74700605685273,0.03759603772629829,-0.5951584136745001,2
5,1,3,2,1,-0.11878352357100089,0.20358189429680815,-1.2494860345872123,-1.8924176312969203,3
4,2,4,1,1,-0.7335758955804085,1.3596980038799344,-0.8914950406518782,-0.3352640608325081,2
4,1,4,2,2,0.1757389924671438,0.24608059866526671,0.40520627665891473,-1.3625588369447823,2
5,1,1,2,2,0.7724843238763723,-1.5512464567540654,-1.842683720779191,-1.6799519012232915,2
3,1,3,3,3,1.2967129134460968,-1.473811812923432,1.1963510821602763,-0.8129734664287831,3
2,2,4,2,2,-0.0716804659697391,0.003999868423931804,0.9524473728722945,0.7181283266325686,2
3,3,2,2,1,0.23570112227132858,-0.2924017288079369,-1.6630528634984276,1.168135685624341,3
4,2,3,2,2,0.7776430967463562,-0.007822294198143334,-0.5556016484656804,-0.38269268360087144,3
2,1,3,2,2,-0.5359177302080068,-1.1752300179992938,0.7181629085815951,-0.07532387404077341,2
3,2,3,2,1,-0.3662029820078838,-0.03849883594452679,-0.7022449383738326,0.1882695322804306,2
5,3,3,1,2,1.0121742874530437,1.1364716527629077,-1.7056596758683213,0.0736398766301006,3
2,1,2,1,2,-1.1558688750873984,-1.5625380709720893,-0.21092816979658155,0.18457047880121866,1
2,1,2,1,1,-1.909469882493827,-1.2408424992078513,-0.8128228730198975,0.1585187013981585,2
3,2,4,1,2,-0.37021995952179143,0.6856303186050752,0.16565107588660152,0.2878017098549142,2
3,2,2,3,2,1.145016010318881,-1.4060191340226045,-0.3663515461876349,0.14084090951206735,4
3,1,5,2,2,-0.28333949890113996,0.6102748747979632,1.458003884681726,-0.8587518199957042,2
3,2,3,2,2,0.3873980253985447,-0.3601944077087647,-0.10035023515051662,0.21432130968349078,3
3,2,2,2,2,0.45623144541901706,-1.0767607973520823,-0.697896429858164,0.3075282860187751,2
4,2,3,2,2,0.7776430967463562,-0.007822294198143334,-0.5556016484656804,-0.38269268360087144,3
1,1,5,2,2,-1.063829641596763,-0.09446935222327935,2.3685067113120537,0.33527616657302023,1
3,2,5,1,1,-1.1926543869486923,1.7238922800126308,0.16130256737093288,0.1685429561165698,3
2,2,4,1,2,-0.7604650308696029,0.33325820509445375,0.6209024892017653,0.8848157031392764,3
5,4,5,1,1,0.6539771242644108,3.353963500593688,-1.4757237200932904,0.7478333235650982,3
3,2,3,3,1,0.32258158289198,-0.3677571726150487,-0.37070005470330336,0.021582155773722866,3
4,2,4,2,2,0.7088096767258839,0.7087440954451745,0.041944546241966876,-0.4758996599361557,3
3,2,3,2,2,0.3873980253985447,-0.3601944077087647,-0.10035023515051662,0.21432130968349078,2
5,5,5,5,5,6.95659009774832,1.212811363634557,1.894772897065142,1.0719501041591342,5
3,2,3,2,2,0.3873980253985447,-0.3601944077087647,-0.10035023515051662,0.21432130968349078,3
2,4,4,2,2,0.994460902547741,0.929326861983747,0.2259239120383989,2.491446680649821,3
3,2,4,2,1,-0.43503640202835614,0.678067553698791,-0.10469874366618519,0.09506255594514632,3
3,2,2,2,2,0.45623144541901706,-1.0767607973520823,-0.697896429858164,0.3075282860187751,3
3,2,4,1,1,-1.12382096692822,1.007325890369313,-0.43624362733671435,0.2617499324518541,2
2,1,5,1,1,-2.115970142555244,0.9088566697221017,0.9798157111030447,-0.1211022276076944,1
5,3,2,3,2,2.458576837273244,-0.23861141022145407,-1.6401161032349103,-0.16652790004803059,5
4,2,3,2,3,1.5312441041527847,-0.32951786596238125,0.04629305475763552,-0.35664090619781125,2
4,1,5,2,1,-0.646695434959757,1.2843425600728222,0.4008577681432462,-1.4818175906831268,1
1,1,3,1,1,-2.3685483738621107,-0.8766482230751548,0.2399747350029138,0.6623257183472364,2
1,1,4,2,2,-0.9949962215762905,-0.811035741866597,1.7709605166044065,0.4284831429083045,2
2,1,3,1,1,-1.9783033025142993,-0.5242761095645339,-0.21527667831224997,0.06531172506287418,2
2,2,2,1,1,-1.376399198235087,-0.7781790024279437,-1.1760846034368453,1.0451778784067847,2
3,1,2,2,1,-0.8304402462461515,-1.2177287223677522,-0.9365294026645321,-0.6051826683929113,3
5,2,4,3,2,1.787839312973559,0.7318578722852738,-0.08176198340266784,-1.2396010297272257,4
1,1,5,2,2,-1.063829641596763,-0.09446935222327935,2.3685067113120537,0.33527616657302023,2
2,2,4,1,1,-1.5140660382760316,0.6549537768586917,0.019007785978449397,0.8587639257362163,2
4,1,2,2,2,0.3134058325080884,-1.187052180621369,-0.78988611275638,-1.1761448842742137,3
4,2,4,2,2,0.7088096767258839,0.7087440954451745,0.041944546241966876,-0.4758996599361557,3
3,2,4,2,2,0.31856460537807235,0.35637198193455305,0.49719595955713075,0.12111433334820648,3
4,1,3,2,2,0.24457241248761613,-0.47048579097805104,-0.19233991804873266,-1.269351860609498,2
5,5,5,1,1,1.1870478085231506,3.816626997373596,-1.8389854505102383,1.6344925005737245,4
2,1,3,1,1,-1.9783033025142993,-0.5242761095645339,-0.21527667831224997,0.06531172506287418,2
3,1,3,2,1,-0.8992736662666239,-0.5011623327244344,-0.3389832079568847,-0.6983896447281956,1
3,2,4,2,2,0.31856460537807235,0.35637198193455305,0.49719595955713075,0.12111433334820648,3
5,2,4,2,2,1.0990547480736954,1.0611162089557955,-0.41330686707319697,-1.0729136532205181,3
3,2,2,2,2,0.45623144541901706,-1.0767607973520823,-0.697896429858164,0.3075282860187751,2
5,2,3,3,3,2.61027374040046,-0.306404089122282,-0.07741347488699929,-1.1203422759888813,3
4,3,3,2,2,1.3107137810050962,0.4548412025817643,-0.9188633788826283,0.503966493407755,2
4,1,4,2,1,-0.5778620149392847,0.5677761704295046,-0.19668842656440122,-1.3886106143478425,2
3,2,3,2,2,0.3873980253985447,-0.3601944077087647,-0.10035023515051662,0.21432130968349078,3
2,2,3,3,3,1.4395385263570255,-1.3635204296541457,1.2883407650584924,0.6706997038642054,3
3,2,2,2,2,0.45623144541901706,-1.0767607973520823,-0.697896429858164,0.3075282860187751,3
2,2,4,2,1,-0.8252814733761675,0.32569544018816965,0.35055266964897863,0.6920765492295086,2
3,1,3,2,2,-0.14567265886019537,-0.8228579044886722,0.2629114952664312,-0.6723378673251356,4
2,2,4,2,2,-0.0716804659697391,0.003999868423931804,0.9524473728722945,0.7181283266325686,3
1,1,5,1,1,-2.5062152139030553,0.5564845562114805,1.4350671244182087,0.4759117656766678,1
2,1,4,2,2,-0.6047511502284791,-0.45866362835597596,1.3157091032892425,-0.1685308503760577,3
4,2,3,1,1,-0.6647424755599362,0.6431316142366166,-1.4890412353595255,-0.24205708449722385,1
3,2,4,2,2,0.31856460537807235,0.35637198193455305,0.49719595955713075,0.12111433334820648,3
3,3,3,2,1,0.16686770225085626,0.4241646608353809,-1.0655066687907804,1.0749287092890567,3
4,4,5,2,2,1.7061176252228916,2.350637478648307,-0.08703271988428142,1.2042117177458125,4
3,3,3,2,1,0.16686770225085626,0.4241646608353809,-1.0655066687907804,1.0749287092890567,4
3,2,5,3,1,0.1849147428510354,1.0653756066715867,0.8243923347119911,-0.1648317968968457,3
