Promotion_Opportunities_V24,Job_Interest_V25,No_Work_Life_Balance_V38,Management_Relation_V42,Workplace_Relation_V43,PCA1,PCA2,Job_Satisfaction_V44
3,2,4,2,2,0.31856460537807235,0.35637198193455305,2
1,1,4,1,1,-2.437381793882583,-0.16008183343183724,1
2,2,4,1,1,-1.5140660382760316,0.6549537768586917,1
2,1,2,2,2,-0.4670843101875345,-1.8917964076426115,2
3,2,5,1,1,-1.1926543869486923,1.7238922800126308,1
2,1,5,1,2,-1.3623691351488154,0.5871610979578639,1
3,3,1,2,2,1.0581355496982294,-1.3306636902154925,2
3,2,2,2,2,0.45623144541901706,-1.0767607973520823,2
4,1,3,2,2,0.24457241248761613,-0.47048579097805104,3
4,2,3,2,2,0.7776430967463562,-0.007822294198143334,3
4,2,1,2,2,0.9153099367873009,-1.440955073484779,5
2,1,3,2,1,-1.2895187376144355,-0.8535344462350559,2
4,3,2,4,2,2.7571163308252964,-0.9202418604025974,3
2,1,3,2,1,-1.2895187376144355,-0.8535344462350559,2
4,3,3,3,2,1.99949834590496,0.12558286591124238,3
1,2,1,1,1,-1.697810849562426,-1.8471175055818827,1
4,2,2,3,3,2.288862089073121,-1.3753425922762208,4
2,3,3,3,2,1.219008203209337,-0.5791613611100002,3
2,1,4,2,2,-0.6047511502284791,-0.45866362835597596,2
3,3,3,3,2,1.6092532745571484,-0.2267892475993789,6
4,1,5,2,2,0.10690557244667147,0.9626469883085843,1
1,1,3,2,2,-0.9261628015558182,-1.5276021315099149,2
4,2,4,1,1,-0.7335758955804085,1.3596980038799344,3
3,2,3,1,1,-1.0549875469077477,0.29075950072599516,3
4,1,4,4,4,3.0605101370797283,-1.055827218204253,1
3,2,4,3,2,1.0073491702779362,0.027113645264031115,3
4,1,2,5,2,2.37975952720768,-2.174827190632935,3
3,3,4,2,2,0.8516352896368125,0.8190354787144608,2
5,4,2,3,3,3.7452485289384123,-0.09764348520578449,2
2,1,3,1,1,-1.9783033025142993,-0.5242761095645339,2
3,4,4,3,3,2.827091546201845,0.6307450670596086,5
4,5,1,4,3,4.645692126769678,-1.0331768282503373,7
2,2,4,1,1,-1.5140660382760316,0.6549537768586917,2
2,1,2,2,2,-0.4670843101875345,-1.8917964076426115,2
4,2,4,2,2,0.7088096767258839,0.7087440954451745,3
5,2,4,4,2,2.476623877873423,0.40259953561475165,3
5,2,4,3,3,2.5414403203799876,0.4101623005210358,3
5,2,5,2,2,1.030221328053223,1.7776825985991132,3
3,2,2,2,1,-0.2973695619874115,-0.7550652255878445,3
1,1,4,2,2,-0.9949962215762905,-0.811035741866597,2
2,2,2,4,2,1.4435555038709331,-2.0876495842037475,5
2,1,3,1,1,-1.9783033025142993,-0.5242761095645339,2
5,2,4,1,1,-0.34333082423259703,1.7120701173905557,1
5,1,2,1,1,-0.7387346684503924,-0.18372615867598774,2
2,1,3,2,3,0.21768327719842173,-1.4969255897635316,3
4,3,3,2,3,2.064314788411525,0.13314563081752648,5
2,1,4,2,2,-0.6047511502284791,-0.45866362835597596,2
3,2,5,1,1,-1.1926543869486923,1.7238922800126308,1
1,1,4,1,1,-2.437381793882583,-0.16008183343183724,2
3,2,5,1,1,-1.1926543869486923,1.7238922800126308,1
3,2,4,1,1,-1.12382096692822,1.007325890369313,3
4,1,1,2,2,0.3822392525285607,-1.9036185702646866,3
4,4,2,2,2,1.9126178852843085,0.20093830971835414,5
3,2,4,2,1,-0.43503640202835614,0.678067553698791,3
3,3,5,3,3,2.2251874419226327,0.8846479599230186,4
2,1,4,2,1,-1.3583521576349078,-0.13696805659173805,3
3,2,5,2,1,-0.5038698220488285,1.3946339433421087,4
3,2,3,3,2,1.0761825902984086,-0.6894527443792865,3
5,3,5,2,2,1.563292012311963,2.240346095379021,3
4,3,4,1,1,-0.20050521132166846,1.8223615006598421,3
5,3,3,3,3,3.1433444246592,0.1562594076576259,1
3,2,3,3,3,1.8297835977048371,-1.0111483161435244,1
1,1,5,1,1,-2.5062152139030553,0.5564845562114805,2
2,1,3,2,2,-0.5359177302080068,-1.1752300179992938,2
4,2,3,2,2,0.7776430967463562,-0.007822294198143334,3
3,1,2,1,1,-1.5192248111460156,-0.8884703856972301,2
5,4,5,2,3,2.8499637039771315,2.3813140203946905,5
3,1,3,2,2,-0.14567265886019537,-0.8228579044886722,2
4,2,4,2,1,-0.044791330680544666,1.0304396672094123,3
3,2,4,2,1,-0.43503640202835614,0.678067553698791,3
2,2,5,2,2,-0.14051388599021142,0.7205662580672496,2
2,1,5,2,2,-0.6735845702489514,0.25790276128734174,2
3,2,2,2,2,0.45623144541901706,-1.0767607973520823,3
4,3,3,2,2,1.3107137810050962,0.4548412025817643,3
2,2,4,1,1,-1.5140660382760316,0.6549537768586917,2
2,1,2,1,2,-1.1558688750873984,-1.5625380709720893,2
1,1,5,2,2,-1.063829641596763,-0.09446935222327935,2
2,2,2,2,2,0.06598637407120558,-1.4291329108627038,4
3,1,5,1,1,-1.7257250712074326,1.2612287832327231,1
2,2,2,2,2,0.06598637407120558,-1.4291329108627038,4
1,1,3,1,1,-2.3685483738621107,-0.8766482230751548,1
4,2,3,2,2,0.7776430967463562,-0.007822294198143334,3
4,2,5,2,2,0.6399762567054116,1.425310485088492,3
2,2,3,2,2,-0.0028470459492667376,-0.7125665212193858,3
5,2,5,4,2,2.407790457852951,1.1191659252580692,3
3,1,3,2,2,-0.14567265886019537,-0.8228579044886722,2
1,1,4,2,2,-0.9949962215762905,-0.811035741866597,1
2,2,3,1,1,-1.4452326182555593,-0.061612612784626035,3
3,4,3,2,2,1.4535393939160246,0.5651325858510509,3
2,1,2,2,2,-0.4670843101875345,-1.8917964076426115,3
2,2,2,2,2,0.06598637407120558,-1.4291329108627038,3
2,1,3,1,1,-1.9783033025142993,-0.5242761095645339,2
3,1,4,2,1,-0.9681070862870962,0.21540405691888329,3
2,3,3,2,2,0.5302236383094733,-0.24990302443947823,4
2,1,3,2,2,-0.5359177302080068,-1.1752300179992938,3
5,5,1,2,3,3.658368068317761,-0.02228804139867243,7
2,1,5,1,1,-2.115970142555244,0.9088566697221017,1
4,2,2,3,3,2.288862089073121,-1.3753425922762208,3
4,2,4,2,2,0.7088096767258839,0.7087440954451745,3
2,2,2,2,2,0.06598637407120558,-1.4291329108627038,3
4,1,2,2,2,0.3134058325080884,-1.187052180621369,3
3,2,2,2,2,0.45623144541901706,-1.0767607973520823,2
2,1,4,2,1,-1.3583521576349078,-0.13696805659173805,2
3,2,5,1,2,-0.43905337954226376,1.4021967082483928,2
2,2,4,2,2,-0.0716804659697391,0.003999868423931804,3
2,2,3,2,2,-0.0028470459492667376,-0.7125665212193858,2
3,2,3,2,1,-0.3662029820078838,-0.03849883594452679,3
2,1,1,1,1,-1.8406364624733547,-1.9574088888511694,1
2,2,4,2,2,-0.0716804659697391,0.003999868423931804,3
3,2,4,2,1,-0.43503640202835614,0.678067553698791,3
3,2,5,1,1,-1.1926543869486923,1.7238922800126308,1
3,1,4,1,1,-1.6568916511869602,0.5446623935894053,2
5,1,5,2,2,0.497150643794483,1.3150191018192054,2
2,2,4,2,2,-0.0716804659697391,0.003999868423931804,3
4,1,3,1,1,-1.1978131598186763,0.18046811745670885,2
5,2,5,2,2,1.030221328053223,1.7776825985991132,3
5,2,3,2,2,1.1678881680941677,0.3445498193124778,3
4,1,2,4,2,1.690974962307816,-1.8455688539624129,3
1,1,2,1,2,-1.5461139464352098,-1.9149101844827106,3
4,2,3,2,2,0.7776430967463562,-0.007822294198143334,3
5,2,2,1,1,-0.20566398419165235,0.2789373381039199,3
2,1,4,1,1,-2.0471367225347716,0.19229028007878393,2
3,2,2,2,2,0.45623144541901706,-1.0767607973520823,3
4,4,3,4,2,3.221353595063564,0.2589880260206279,3
2,2,5,2,1,-0.8941148933966399,1.0422618298314874,2
4,1,4,1,1,-1.2666465798391486,0.8970345071000265,2
3,2,3,4,2,1.7649671551982724,-1.0187110810498086,3
4,1,2,2,2,0.3134058325080884,-1.187052180621369,2
2,1,3,2,1,-1.2895187376144355,-0.8535344462350559,2
4,2,3,3,2,1.46642766164622,-0.33708063086866535,4
5,1,2,2,1,-0.04995010355052856,-0.5129844953465097,3
4,4,5,2,2,1.7061176252228916,2.350637478648307,3
3,2,4,2,1,-0.43503640202835614,0.678067553698791,1
4,4,3,4,4,4.7285556098764205,-0.3844031175078477,4
2,2,3,1,1,-1.4452326182555593,-0.061612612784626035,2
4,4,2,4,4,4.797389029896893,-1.1009695071511656,5
2,3,3,1,1,-0.9121619339968191,0.4010508839952816,3
3,2,3,2,2,0.3873980253985447,-0.3601944077087647,2
2,4,3,2,1,0.3096933151617848,0.5344560441046673,4
3,2,5,3,2,0.9385157502574639,0.7436800349073489,3
2,1,4,1,1,-2.0471367225347716,0.19229028007878393,3
5,4,5,3,3,3.5387482688769953,2.0520556837241686,4
4,2,2,2,2,0.8464765167668286,-0.724388683841461,2
4,1,2,3,2,1.0021903974079522,-1.516310517291891,3
1,1,3,2,2,-0.9261628015558182,-1.5276021315099149,2
3,1,3,2,2,-0.14567265886019537,-0.8228579044886722,2
4,2,4,1,2,0.020025111826020018,1.0380024321156964,3
2,2,4,2,2,-0.0716804659697391,0.003999868423931804,2
1,1,5,1,1,-2.5062152139030553,0.5564845562114805,1
2,2,2,2,2,0.06598637407120558,-1.4291329108627038,3
3,2,3,1,1,-1.0549875469077477,0.29075950072599516,3
2,1,3,1,1,-1.9783033025142993,-0.5242761095645339,2
4,2,3,3,1,0.7128266542397916,-0.015385059104427437,3
4,1,4,2,1,-0.5778620149392847,0.5677761704295046,3
4,3,2,5,2,3.4459008957251602,-1.2495001970731194,6
2,2,2,2,1,-0.6876146333352229,-1.1074373390984658,2
5,1,5,1,1,-0.9452349285118093,1.9659730102539656,1
4,1,4,5,2,2.2420926871667355,-0.7416944113462992,1
5,5,4,2,1,1.944665793443487,2.770802271059756,3
2,2,4,1,2,-0.7604650308696029,0.33325820509445375,2
3,2,4,1,1,-1.12382096692822,1.007325890369313,2
4,1,4,2,1,-0.5778620149392847,0.5677761704295046,2
2,1,5,1,2,-1.3623691351488154,0.5871610979578639,1
4,3,4,2,2,1.2418803609846238,1.171407592225082,3
3,2,2,2,2,0.45623144541901706,-1.0767607973520823,3
3,1,3,1,3,-0.08085621635363074,-0.8152951395823882,1
3,2,4,2,1,-0.43503640202835614,0.678067553698791,2
3,1,5,2,2,-0.28333949890113996,0.6102748747979632,2
4,1,4,2,2,0.1757389924671438,0.24608059866526671,2
5,2,5,1,2,0.3414367631533593,2.1069409352696353,3
3,2,5,3,1,0.1849147428510354,1.0653756066715867,3
5,3,5,2,3,2.3168930197183917,1.918650523614783,3
4,2,3,3,3,2.2200286690526485,-0.6587762026329032,2
2,1,4,2,2,-0.6047511502284791,-0.45866362835597596,3
2,2,3,1,2,-0.6916316108491306,-0.38330818454886395,3
4,1,2,2,3,1.067006839914517,-1.5087477523856068,3
4,1,3,2,2,0.24457241248761613,-0.47048579097805104,2
1,1,5,1,1,-2.5062152139030553,0.5564845562114805,2
3,1,2,2,2,-0.07683923883972305,-1.5394242941319902,2
4,3,2,3,2,2.0683317659254326,-0.5909835237320754,3
2,2,5,1,1,-1.582899458296504,1.3715201665020096,1
5,4,4,2,2,2.1651961165911753,1.986443202515611,4
2,2,5,1,1,-1.582899458296504,1.3715201665020096,1
4,1,2,1,1,-1.128979739798204,-0.536098272186609,1
3,1,4,3,3,1.2278794934256245,-0.7572454232801143,2
2,1,4,2,1,-1.3583521576349078,-0.13696805659173805,2
3,3,1,2,2,1.0581355496982294,-1.3306636902154925,5
3,2,3,2,1,-0.3662029820078838,-0.03849883594452679,3
1,1,1,1,1,-2.230881533821166,-2.3097810023617904,1
4,1,4,2,1,-0.5778620149392847,0.5677761704295046,2
3,2,4,2,2,0.31856460537807235,0.35637198193455305,3
3,2,3,2,2,0.3873980253985447,-0.3601944077087647,3
3,3,3,2,2,0.9204687096572848,0.10246908907114305,4
4,1,5,3,1,0.042089129940106745,0.9550842234023003,3
3,2,5,2,1,-0.5038698220488285,1.3946339433421087,2
4,2,4,1,2,0.020025111826020018,1.0380024321156964,2
5,5,5,5,5,6.95659009774832,1.212811363634557,7
2,2,3,3,1,-0.06766348845583145,-0.72012928612567,3
3,2,5,2,2,0.24973118535760008,1.0729383715778706,2
2,2,1,2,1,-0.6187812133147507,-1.8240037287417834,2
3,2,4,2,1,-0.43503640202835614,0.678067553698791,3
3,2,3,3,2,1.0761825902984086,-0.6894527443792865,3
2,1,5,1,1,-2.115970142555244,0.9088566697221017,2
2,2,3,2,2,-0.0028470459492667376,-0.7125665212193858,2
3,2,2,1,1,-0.9861541268872753,-0.42580688891732255,3
3,3,4,2,2,0.8516352896368125,0.8190354787144608,3
3,2,4,2,2,0.31856460537807235,0.35637198193455305,2
4,4,4,2,2,1.774951045243364,1.6340710890049894,3
4,2,4,1,1,-0.7335758955804085,1.3596980038799344,3
2,1,2,2,2,-0.4670843101875345,-1.8917964076426115,3
4,3,5,1,1,-0.2693386313421407,2.5389278903031594,2
5,5,5,5,5,6.95659009774832,1.212811363634557,5
3,2,3,1,1,-1.0549875469077477,0.29075950072599516,2
3,2,4,1,1,-1.12382096692822,1.007325890369313,2
3,3,4,2,2,0.8516352896368125,0.8190354787144608,3
3,1,2,2,2,-0.07683923883972305,-1.5394242941319902,3
1,1,5,2,2,-1.063829641596763,-0.09446935222327935,2
3,1,5,1,1,-1.7257250712074326,1.2612287832327231,1
4,1,3,1,1,-1.1978131598186763,0.18046811745670885,3
2,1,5,2,1,-1.42718557765538,0.5795983330515797,2
4,2,3,2,3,1.5312441041527847,-0.32951786596238125,2
2,2,4,1,1,-1.5140660382760316,0.6549537768586917,1
2,1,4,1,1,-2.0471367225347716,0.19229028007878393,2
3,1,3,1,2,-0.8344572237600593,-0.4935995678181504,5
3,2,3,2,2,0.3873980253985447,-0.3601944077087647,3
3,2,4,2,2,0.31856460537807235,0.35637198193455305,2
3,2,5,1,2,-0.43905337954226376,1.4021967082483928,2
1,1,2,2,1,-1.6109303889417745,-1.9224729493889947,3
3,1,3,1,1,-1.588058231166488,-0.1719039960539125,1
3,2,4,2,1,-0.43503640202835614,0.678067553698791,2
2,2,4,2,2,-0.0716804659697391,0.003999868423931804,3
2,2,3,1,2,-0.6916316108491306,-0.38330818454886395,3
2,2,2,2,2,0.06598637407120558,-1.4291329108627038,5
4,1,5,2,2,0.10690557244667147,0.9626469883085843,3
5,4,5,2,1,1.3427616891642744,3.024705163923166,4
4,1,3,2,2,0.24457241248761613,-0.47048579097805104,2
2,1,3,2,2,-0.5359177302080068,-1.1752300179992938,2
2,1,4,2,2,-0.6047511502284791,-0.45866362835597596,2
1,1,3,1,1,-2.3685483738621107,-0.8766482230751548,2
3,4,5,1,2,0.6270879889752163,2.327523701808208,1
3,3,3,2,2,0.9204687096572848,0.10246908907114305,2
2,2,4,2,4,1.4355215488431177,-0.6393912751045439,3
3,2,4,2,2,0.31856460537807235,0.35637198193455305,3
2,2,3,2,2,-0.0028470459492667376,-0.7125665212193858,3
2,2,4,2,2,-0.0716804659697391,0.003999868423931804,2
2,2,4,1,1,-1.5140660382760316,0.6549537768586917,2
5,2,3,1,1,-0.2744974042121247,0.9955037277472377,2
2,2,5,3,3,1.3018716863160809,0.06961234963248973,2
2,2,3,3,2,0.6859375189505971,-1.0418248578899079,4
2,2,3,2,2,-0.0028470459492667376,-0.7125665212193858,3
3,2,3,2,2,0.3873980253985447,-0.3601944077087647,3
4,2,4,2,2,0.7088096767258839,0.7087440954451745,2
4,2,1,2,2,0.9153099367873009,-1.440955073484779,3
1,1,2,2,1,-1.6109303889417745,-1.9224729493889947,3
4,2,5,2,1,-0.11362475070101699,1.74700605685273,2
4,2,3,1,1,-0.6647424755599362,0.6431316142366166,2
4,2,5,2,3,1.39357726411184,1.103614913324254,3
4,1,5,2,2,0.10690557244667147,0.9626469883085843,3
4,1,3,2,2,0.24457241248761613,-0.47048579097805104,2
2,2,5,2,1,-0.8941148933966399,1.0422618298314874,2
2,1,3,1,1,-1.9783033025142993,-0.5242761095645339,1
5,2,3,3,2,1.8566727329940313,0.015291482641955867,3
1,1,4,1,1,-2.437381793882583,-0.16008183343183724,2
2,2,3,2,2,-0.0028470459492667376,-0.7125665212193858,2
2,1,3,2,2,-0.5359177302080068,-1.1752300179992938,2
2,2,3,2,2,-0.0028470459492667376,-0.7125665212193858,5
1,1,4,1,1,-2.437381793882583,-0.16008183343183724,1
4,2,3,2,1,0.024042089339927717,0.3138732775660945,3
2,2,3,2,2,-0.0028470459492667376,-0.7125665212193858,3
4,3,4,3,1,1.1770639184780591,1.163844827318798,4
4,2,2,1,1,-0.5959090555394638,-0.07343477540670128,3
5,3,4,1,3,1.696941874839,1.5313424706419876,3
2,1,4,1,1,-2.0471367225347716,0.19229028007878393,2
1,1,3,1,1,-2.3685483738621107,-0.8766482230751548,2
2,2,4,1,1,-1.5140660382760316,0.6549537768586917,3
3,2,3,3,3,1.8297835977048371,-1.0111483161435244,2
3,1,2,1,3,-0.012022796333158415,-1.5318615292257058,3
2,1,4,1,1,-2.0471367225347716,0.19229028007878393,3
3,3,3,2,2,0.9204687096572848,0.10246908907114305,3
4,3,2,2,2,1.3795472010255685,-0.2617251870615535,3
1,1,2,1,1,-2.2997149538416384,-1.5932146127184725,2
3,3,3,1,1,-0.5219168626490076,0.7534229975059029,5
4,2,4,2,2,0.7088096767258839,0.7087440954451745,3
2,2,5,2,2,-0.14051388599021142,0.7205662580672496,2
1,2,3,2,1,-1.1466931247035068,-0.7432430629657693,3
2,1,3,2,2,-0.5359177302080068,-1.1752300179992938,3
2,1,3,1,1,-1.9783033025142993,-0.5242761095645339,2
4,2,3,2,2,0.7776430967463562,-0.007822294198143334,3
4,2,3,1,1,-0.6647424755599362,0.6431316142366166,2
4,2,3,2,1,0.024042089339927717,0.3138732775660945,3
4,2,5,3,3,2.082361829011704,0.7743565766537321,2
3,1,1,2,1,-0.7616068262256792,-1.9342951120110696,1
2,2,3,2,1,-0.7564480533556952,-0.390870949455148,3
2,1,2,2,1,-1.2206853175939631,-1.5701008358783735,1
3,2,4,2,2,0.31856460537807235,0.35637198193455305,3
2,2,3,2,1,-0.7564480533556952,-0.390870949455148,3
1,1,2,1,1,-2.2997149538416384,-1.5932146127184725,1
4,1,4,3,2,0.8645235573670076,-0.08317773800525527,3
4,3,4,3,3,2.6842659332909165,0.5204536837903223,2
3,2,3,2,1,-0.3662029820078838,-0.03849883594452679,2
2,1,4,2,1,-1.3583521576349078,-0.13696805659173805,2
4,3,3,2,1,0.5571127735986678,0.7765367743460022,3
5,2,3,2,1,0.4142871606877392,0.6662453910767158,3
3,1,5,1,1,-1.7257250712074326,1.2612287832327231,2
1,2,4,3,3,0.9804600349887419,-0.9993261535214493,2
3,2,4,1,1,-1.12382096692822,1.007325890369313,2
4,2,3,4,2,2.155212226546084,-0.6663389675391872,3
2,1,5,2,1,-1.42718557765538,0.5795983330515797,2
1,1,3,1,1,-2.3685483738621107,-0.8766482230751548,2
5,1,4,4,1,1.1899521862082545,0.2616316105990818,1
5,1,3,2,1,-0.11878352357100089,0.20358189429680815,2
1,1,5,1,1,-2.5062152139030553,0.5564845562114805,1
5,3,3,2,2,1.7009588523529076,0.8072133160923858,5
3,2,2,2,2,0.45623144541901706,-1.0767607973520823,3
3,1,4,2,2,-0.2145060788806677,-0.1062915148453546,3
2,2,3,1,1,-1.4452326182555593,-0.061612612784626035,2
2,1,3,1,1,-1.9783033025142993,-0.5242761095645339,1
4,2,4,3,3,2.151195249032176,0.057790187010414586,3
4,2,3,2,2,0.7776430967463562,-0.007822294198143334,3
3,4,5,2,2,1.31587255387508,1.9982653651376858,4
3,2,4,2,2,0.31856460537807235,0.35637198193455305,2
2,1,3,2,2,-0.5359177302080068,-1.1752300179992938,3
2,1,4,1,1,-2.0471367225347716,0.19229028007878393,1
2,2,3,1,1,-1.4452326182555593,-0.061612612784626035,1
4,3,2,2,2,1.3795472010255685,-0.2617251870615535,2
5,4,3,3,2,2.9228141015115114,0.9406184762017712,5
2,1,3,2,2,-0.5359177302080068,-1.1752300179992938,2
3,1,2,2,2,-0.07683923883972305,-1.5394242941319902,2
1,1,5,1,1,-2.5062152139030553,0.5564845562114805,1
3,1,4,3,2,0.47427848601919614,-0.4355498515158766,2
4,2,3,2,1,0.024042089339927717,0.3138732775660945,2
3,2,3,2,1,-0.3662029820078838,-0.03849883594452679,2
5,3,4,3,3,3.074511004638728,0.8728257973009435,4
4,3,3,5,4,4.8842694905175446,-1.1763249509582774,4
3,3,4,1,3,0.9164517321433772,0.8265982436207449,3
4,2,3,1,1,-0.6647424755599362,0.6431316142366166,2
2,1,3,1,1,-1.9783033025142993,-0.5242761095645339,2
3,3,3,2,2,0.9204687096572848,0.10246908907114305,4
2,3,2,3,3,2.041442630636238,-1.6174233225175558,4
3,2,3,3,3,1.8297835977048371,-1.0111483161435244,3
4,3,5,1,1,-0.2693386313421407,2.5389278903031594,3
3,1,4,1,1,-1.6568916511869602,0.5446623935894053,1
2,1,5,2,2,-0.6735845702489514,0.25790276128734174,1
3,2,4,1,1,-1.12382096692822,1.007325890369313,2
5,1,4,1,1,-0.876401508491337,1.249406620610648,1
4,2,4,2,2,0.7088096767258839,0.7087440954451745,4
4,2,3,1,1,-0.6647424755599362,0.6431316142366166,1
2,2,5,1,1,-1.582899458296504,1.3715201665020096,2
4,1,5,2,2,0.10690557244667147,0.9626469883085843,2
3,2,3,2,2,0.3873980253985447,-0.3601944077087647,4
2,1,4,2,2,-0.6047511502284791,-0.45866362835597596,2
3,2,4,2,1,-0.43503640202835614,0.678067553698791,3
1,1,4,1,1,-2.437381793882583,-0.16008183343183724,1
4,2,3,2,1,0.024042089339927717,0.3138732775660945,3
4,2,3,2,2,0.7776430967463562,-0.007822294198143334,3
4,1,3,3,3,1.6869579847939085,-1.1214396994128109,2
4,1,4,2,1,-0.5778620149392847,0.5677761704295046,1
2,2,3,2,1,-0.7564480533556952,-0.390870949455148,3
2,2,3,3,2,0.6859375189505971,-1.0418248578899079,3
4,2,3,3,3,2.2200286690526485,-0.6587762026329032,2
4,5,4,4,4,5.192792874114689,0.7948267689153781,1
3,2,3,1,1,-1.0549875469077477,0.29075950072599516,2
2,2,3,2,2,-0.0028470459492667376,-0.7125665212193858,3
3,2,3,1,1,-1.0549875469077477,0.29075950072599516,2
4,2,5,4,1,1.2639443790987106,1.088489383511686,3
5,2,5,1,1,-0.41216424425306925,2.428636507033873,2
2,1,2,2,2,-0.4670843101875345,-1.8917964076426115,3
3,2,5,1,1,-1.1926543869486923,1.7238922800126308,1
5,2,4,1,1,-0.34333082423259703,1.7120701173905557,2
3,2,3,2,2,0.3873980253985447,-0.3601944077087647,3
2,1,3,1,1,-1.9783033025142993,-0.5242761095645339,2
2,2,3,3,2,0.6859375189505971,-1.0418248578899079,3
4,2,4,3,3,2.151195249032176,0.057790187010414586,4
2,1,4,2,2,-0.6047511502284791,-0.45866362835597596,3
4,2,5,2,1,-0.11362475070101699,1.74700605685273,4
2,1,5,2,5,1.5872184519703338,-0.7071839540053717,2
2,1,5,2,1,-1.42718557765538,0.5795983330515797,2
5,2,2,4,3,3.367891725320796,-1.3522288154361217,5
4,4,3,2,1,1.0901834578574077,1.2392002711259098,3
1,1,4,1,1,-2.437381793882583,-0.16008183343183724,2
4,3,4,2,2,1.2418803609846238,1.171407592225082,2
3,3,4,2,2,0.8516352896368125,0.8190354787144608,2
2,1,2,1,1,-1.909469882493827,-1.2408424992078513,2
3,2,5,1,1,-1.1926543869486923,1.7238922800126308,3
4,1,4,1,1,-1.2666465798391486,0.8970345071000265,2
4,2,4,2,2,0.7088096767258839,0.7087440954451745,3
2,1,3,2,2,-0.5359177302080068,-1.1752300179992938,3
2,1,3,2,1,-1.2895187376144355,-0.8535344462350559,2
3,1,4,1,1,-1.6568916511869602,0.5446623935894053,1
3,2,4,2,1,-0.43503640202835614,0.678067553698791,3
4,4,4,2,2,1.774951045243364,1.6340710890049894,5
5,3,5,2,2,1.563292012311963,2.240346095379021,4
3,1,2,2,2,-0.07683923883972305,-1.5394242941319902,1
2,1,4,2,1,-1.3583521576349078,-0.13696805659173805,2
5,1,5,2,1,-0.25645036361194556,1.6367146735834435,2
4,2,2,4,2,2.224045646566556,-1.3829053571825052,4
4,2,4,2,1,-0.044791330680544666,1.0304396672094123,3
4,2,4,2,1,-0.044791330680544666,1.0304396672094123,2
2,1,4,1,1,-2.0471367225347716,0.19229028007878393,2
1,1,5,1,1,-2.5062152139030553,0.5564845562114805,1
1,1,1,2,2,-0.7884959615148736,-2.96073491079655,3
4,2,3,3,1,0.7128266542397916,-0.015385059104427437,6
2,1,4,1,1,-2.0471367225347716,0.19229028007878393,1
2,1,2,4,2,0.9104848196121932,-2.5503130809836554,5
3,2,5,3,2,0.9385157502574639,0.7436800349073489,3
3,1,2,1,1,-1.5192248111460156,-0.8884703856972301,2
3,2,3,2,2,0.3873980253985447,-0.3601944077087647,3
1,1,4,1,1,-2.437381793882583,-0.16008183343183724,1
4,2,2,2,2,0.8464765167668286,-0.724388683841461,1
2,1,4,1,1,-2.0471367225347716,0.19229028007878393,2
3,1,2,2,2,-0.07683923883972305,-1.5394242941319902,1
4,2,2,2,2,0.8464765167668286,-0.724388683841461,3
5,4,5,2,2,2.096362696570703,2.7030095921589283,3
2,1,2,2,2,-0.4670843101875345,-1.8917964076426115,1
4,2,3,2,2,0.7776430967463562,-0.007822294198143334,2
3,1,4,1,1,-1.6568916511869602,0.5446623935894053,2
3,2,3,2,1,-0.3662029820078838,-0.03849883594452679,3
3,1,4,2,2,-0.2145060788806677,-0.1062915148453546,2
4,2,5,1,1,-0.8024093156008808,2.076264393523252,2
3,2,3,3,2,1.0761825902984086,-0.6894527443792865,3
2,1,5,1,1,-2.115970142555244,0.9088566697221017,2
3,1,3,2,1,-0.8992736662666239,-0.5011623327244344,1
4,3,2,5,2,3.4459008957251602,-1.2495001970731194,6
2,1,2,3,3,0.9753012621187579,-2.5427503160773712,5
2,2,3,2,2,-0.0028470459492667376,-0.7125665212193858,3
4,2,3,3,2,1.46642766164622,-0.33708063086866535,3
2,2,4,2,2,-0.0716804659697391,0.003999868423931804,2
2,2,3,1,2,-0.6916316108491306,-0.38330818454886395,2
2,1,3,1,1,-1.9783033025142993,-0.5242761095645339,3
3,2,4,1,1,-1.12382096692822,1.007325890369313,3
3,2,3,2,1,-0.3662029820078838,-0.03849883594452679,3
2,1,3,1,1,-1.9783033025142993,-0.5242761095645339,2
3,2,4,2,1,-0.43503640202835614,0.678067553698791,2
2,1,2,1,1,-1.909469882493827,-1.2408424992078513,5
4,2,5,3,2,1.3287608216052753,1.09605214841797,4
4,2,2,4,4,3.731247661379413,-2.026296500710981,4
2,1,5,1,1,-2.115970142555244,0.9088566697221017,1
4,2,4,2,2,0.7088096767258839,0.7087440954451745,3
3,2,4,4,2,1.6961337351778,-0.3021446914064909,5
3,2,2,4,2,1.8338005752187447,-1.7352774706931264,5
2,1,4,2,2,-0.6047511502284791,-0.45866362835597596,3
5,2,2,2,1,0.4831205807082114,-0.05032099856660204,3
4,3,5,1,1,-0.2693386313421407,2.5389278903031594,2
3,2,4,2,2,0.31856460537807235,0.35637198193455305,3
4,2,2,2,2,0.8464765167668286,-0.724388683841461,3
3,2,3,2,2,0.3873980253985447,-0.3601944077087647,3
4,3,3,3,2,1.99949834590496,0.12558286591124238,3
3,2,3,2,1,-0.3662029820078838,-0.03849883594452679,2
5,2,3,2,2,1.1678881680941677,0.3445498193124778,3
3,1,2,1,1,-1.5192248111460156,-0.8884703856972301,2
5,1,2,1,1,-0.7387346684503924,-0.18372615867598774,3
4,3,4,2,3,1.9954813683910524,0.8497120204608442,3
4,4,4,2,2,1.774951045243364,1.6340710890049894,3
4,1,3,2,2,0.24457241248761613,-0.47048579097805104,3
2,1,3,2,2,-0.5359177302080068,-1.1752300179992938,2
3,2,3,3,3,1.8297835977048371,-1.0111483161435244,3
5,1,1,1,1,-0.66990124842992,-0.9002925483193053,2
1,1,4,2,1,-1.7485972289827192,-0.4893401701023592,1
2,2,3,2,1,-0.7564480533556952,-0.390870949455148,2
5,1,2,5,3,3.52360560596192,-2.1441506488865514,2
2,2,5,1,1,-1.582899458296504,1.3715201665020096,2
2,1,4,1,1,-2.0471367225347716,0.19229028007878393,2
3,2,5,1,1,-1.1926543869486923,1.7238922800126308,1
4,2,4,5,2,2.7751633714254753,-0.2790309145663916,4
3,1,3,2,2,-0.14567265886019537,-0.8228579044886722,3
2,1,5,1,1,-2.115970142555244,0.9088566697221017,2
2,1,2,1,1,-1.909469882493827,-1.2408424992078513,2
2,2,2,2,2,0.06598637407120558,-1.4291329108627038,3
4,1,2,3,3,1.7557914048143808,-1.8380060890561287,3
3,3,4,4,2,2.22920441943654,0.16051880537341678,4
4,4,5,2,1,0.9525166178164632,2.672333050412545,4
3,3,4,1,1,-0.5907502826694799,1.4699893871492207,3
3,2,3,1,1,-1.0549875469077477,0.29075950072599516,4
2,1,4,1,1,-2.0471367225347716,0.19229028007878393,1
2,1,5,1,1,-2.115970142555244,0.9088566697221017,2
3,1,3,2,1,-0.8992736662666239,-0.5011623327244344,2
3,2,3,2,1,-0.3662029820078838,-0.03849883594452679,2
5,3,1,2,2,1.8386256923938522,-0.6259194631942496,3
2,2,2,2,1,-0.6876146333352229,-1.1074373390984658,2
2,1,3,1,2,-1.2247022951078708,-0.8459716813287717,2
2,1,4,1,1,-2.0471367225347716,0.19229028007878393,2
5,1,4,2,2,0.5659840638149554,0.598452712175888,2
2,1,5,1,1,-2.115970142555244,0.9088566697221017,2
2,1,5,1,1,-2.115970142555244,0.9088566697221017,2
4,2,1,2,1,0.16170892938087236,-1.119259501720541,3
5,2,4,1,1,-0.34333082423259703,1.7120701173905557,3
2,1,5,2,2,-0.6735845702489514,0.25790276128734174,1
4,1,4,1,1,-1.2666465798391486,0.8970345071000265,2
3,3,4,1,1,-0.5907502826694799,1.4699893871492207,3
3,3,5,3,3,2.2251874419226327,0.8846479599230186,1
3,1,4,3,3,1.2278794934256245,-0.7572454232801143,2
5,2,5,1,1,-0.41216424425306925,2.428636507033873,3
4,1,3,1,2,-0.44421215241224776,-0.14122745430752903,1
4,1,4,2,1,-0.5778620149392847,0.5677761704295046,2
2,1,4,1,2,-1.293535715128343,-0.12940529168545395,2
3,1,1,2,2,-0.00800581881925069,-2.2559906837753076,4
4,2,4,2,2,0.7088096767258839,0.7087440954451745,3
4,2,5,2,2,0.6399762567054116,1.425310485088492,2
5,3,5,2,1,0.8096910049055346,2.5620416671432586,4
2,2,4,2,2,-0.0716804659697391,0.003999868423931804,1
2,2,3,2,3,0.7507539614571618,-1.0342620929836237,3
4,2,5,2,2,0.6399762567054116,1.425310485088492,2
4,2,4,2,2,0.7088096767258839,0.7087440954451745,2
4,2,3,2,1,0.024042089339927717,0.3138732775660945,3
5,1,5,1,1,-0.9452349285118093,1.9659730102539656,2
3,2,4,1,1,-1.12382096692822,1.007325890369313,1
3,2,4,2,2,0.31856460537807235,0.35637198193455305,2
2,1,2,3,2,0.2217002547123293,-2.2210547443131334,4
2,1,2,1,1,-1.909469882493827,-1.2408424992078513,2
2,4,2,1,1,-0.3102578297176068,0.14714799113187146,4
5,4,4,2,2,2.1651961165911753,1.986443202515611,3
3,2,3,2,2,0.3873980253985447,-0.3601944077087647,2
5,2,3,4,1,1.7918562904874666,0.007728717735671721,3
1,1,2,1,1,-2.2997149538416384,-1.5932146127184725,1
1,1,5,4,2,0.31373948820296493,-0.7529860255643233,2
3,2,5,1,1,-1.1926543869486923,1.7238922800126308,4
4,2,5,2,2,0.6399762567054116,1.425310485088492,3
2,1,3,2,1,-1.2895187376144355,-0.8535344462350559,2
4,3,4,2,1,0.4882793535781954,1.49310316398932,2
4,1,1,2,2,0.3822392525285607,-1.9036185702646866,3
3,3,2,3,3,2.4316877019840493,-1.2650512090069346,3
5,2,4,2,2,1.0990547480736954,1.0611162089557955,4
3,2,4,1,1,-1.12382096692822,1.007325890369313,6
3,1,3,2,2,-0.14567265886019537,-0.8228579044886722,2
3,2,3,3,3,1.8297835977048371,-1.0111483161435244,2
2,2,4,2,2,-0.0716804659697391,0.003999868423931804,2
3,1,4,1,2,-0.9032906437805316,0.22296682182516742,3
3,2,3,3,2,1.0761825902984086,-0.6894527443792865,4
3,3,4,2,2,0.8516352896368125,0.8190354787144608,3
5,2,4,2,2,1.0990547480736954,1.0611162089557955,3
4,2,4,1,1,-0.7335758955804085,1.3596980038799344,2
3,1,4,2,2,-0.2145060788806677,-0.1062915148453546,2
3,1,2,2,1,-0.8304402462461515,-1.2177287223677522,3
5,1,3,3,3,2.07720305614172,-0.7690675859021895,3
3,1,3,2,1,-0.8992736662666239,-0.5011623327244344,2
1,1,5,2,2,-1.063829641596763,-0.09446935222327935,1
5,1,3,1,2,-0.0539670810644362,0.21114465920309228,1
3,2,4,3,2,1.0073491702779362,0.027113645264031115,3
5,2,3,4,2,2.545457297893895,-0.31396685402856617,4
3,2,4,1,2,-0.37021995952179143,0.6856303186050752,2
3,1,5,3,3,1.1590460734051522,-0.04067903363679672,2
5,2,3,2,1,0.4142871606877392,0.6662453910767158,3
5,2,3,2,1,0.4142871606877392,0.6662453910767158,2
3,2,4,1,1,-1.12382096692822,1.007325890369313,2
2,2,4,2,2,-0.0716804659697391,0.003999868423931804,3
3,2,2,2,2,0.45623144541901706,-1.0767607973520823,5
3,1,2,2,1,-0.8304402462461515,-1.2177287223677522,2
3,2,5,2,1,-0.5038698220488285,1.3946339433421087,2
2,1,4,1,1,-2.0471367225347716,0.19229028007878393,2
5,5,5,5,5,6.95659009774832,1.212811363634557,5
3,3,4,2,2,0.8516352896368125,0.8190354787144608,3
3,2,2,1,1,-0.9861541268872753,-0.42580688891732255,3
3,2,3,2,2,0.3873980253985447,-0.3601944077087647,3
3,2,5,1,1,-1.1926543869486923,1.7238922800126308,2
3,1,3,2,1,-0.8992736662666239,-0.5011623327244344,1
2,1,4,2,2,-0.6047511502284791,-0.45866362835597596,2
2,2,5,1,1,-1.582899458296504,1.3715201665020096,2
3,2,1,2,2,0.5250648654394894,-1.7933271869954002,3
3,2,5,2,2,0.24973118535760008,1.0729383715778706,2
2,2,4,2,2,-0.0716804659697391,0.003999868423931804,2
5,4,4,3,2,2.853980681491039,1.657184865845089,4
3,2,3,2,1,-0.3662029820078838,-0.03849883594452679,2
4,2,2,2,2,0.8464765167668286,-0.724388683841461,3
1,1,5,1,1,-2.5062152139030553,0.5564845562114805,1
3,2,4,2,2,0.31856460537807235,0.35637198193455305,3
2,1,4,1,1,-2.0471367225347716,0.19229028007878393,2
4,2,4,1,1,-0.7335758955804085,1.3596980038799344,3
5,2,5,1,1,-0.41216424425306925,2.428636507033873,3
3,2,4,3,1,0.2537481628715077,0.34880921702826895,3
3,1,4,1,1,-1.6568916511869602,0.5446623935894053,2
3,2,3,2,1,-0.3662029820078838,-0.03849883594452679,2
1,1,4,1,1,-2.437381793882583,-0.16008183343183724,2
4,2,3,3,2,1.46642766164622,-0.33708063086866535,3
4,2,3,1,1,-0.6647424755599362,0.6431316142366166,3
2,1,5,1,1,-2.115970142555244,0.9088566697221017,2
3,1,5,1,1,-1.7257250712074326,1.2612287832327231,2
4,3,2,2,2,1.3795472010255685,-0.2617251870615535,3
2,1,5,2,2,-0.6735845702489514,0.25790276128734174,1
3,3,4,2,1,0.09803428223038393,1.1407310504786987,3
2,1,3,2,1,-1.2895187376144355,-0.8535344462350559,2
2,1,5,1,1,-2.115970142555244,0.9088566697221017,1
2,1,3,1,2,-1.2247022951078708,-0.8459716813287717,2
3,2,3,1,1,-1.0549875469077477,0.29075950072599516,3
4,2,3,2,2,0.7776430967463562,-0.007822294198143334,3
3,1,3,2,2,-0.14567265886019537,-0.8228579044886722,2
2,1,3,1,1,-1.9783033025142993,-0.5242761095645339,2
2,3,3,2,2,0.5302236383094733,-0.24990302443947823,3
3,1,5,3,3,1.1590460734051522,-0.04067903363679672,1
3,2,3,2,2,0.3873980253985447,-0.3601944077087647,2
5,2,5,1,1,-0.41216424425306925,2.428636507033873,1
3,2,4,3,3,1.7609501776843648,-0.29458192650020676,3
3,1,2,1,2,-0.7656238037395869,-1.210165957461468,2
5,1,5,1,1,-0.9452349285118093,1.9659730102539656,2
3,1,5,1,2,-0.9721240638010039,0.9395332114684852,3
2,3,5,3,3,1.834942370574821,0.5322758464123974,4
5,2,5,2,3,1.7838223354596516,1.4559870268348754,3
3,1,3,2,1,-0.8992736662666239,-0.5011623327244344,1
5,1,5,2,2,0.497150643794483,1.3150191018192054,3
3,1,4,2,1,-0.9681070862870962,0.21540405691888329,2
3,1,4,2,2,-0.2145060788806677,-0.1062915148453546,3
4,2,5,1,1,-0.8024093156008808,2.076264393523252,1
2,1,5,1,1,-2.115970142555244,0.9088566697221017,1
3,2,3,2,2,0.3873980253985447,-0.3601944077087647,3
3,1,4,1,1,-1.6568916511869602,0.5446623935894053,2
4,1,3,2,2,0.24457241248761613,-0.47048579097805104,4
4,2,3,3,2,1.46642766164622,-0.33708063086866535,3
4,4,4,2,4,3.282153060056221,0.9906799454765138,3
3,2,4,3,2,1.0073491702779362,0.027113645264031115,3
4,2,2,4,3,2.9776466539729847,-1.704600928946743,4
3,1,4,1,1,-1.6568916511869602,0.5446623935894053,2
3,2,3,4,2,1.7649671551982724,-1.0187110810498086,3
3,2,4,1,1,-1.12382096692822,1.007325890369313,2
1,1,3,2,2,-0.9261628015558182,-1.5276021315099149,3
2,2,4,2,2,-0.0716804659697391,0.003999868423931804,3
3,2,4,2,2,0.31856460537807235,0.35637198193455305,2
4,2,2,2,2,0.8464765167668286,-0.724388683841461,4
2,1,5,1,1,-2.115970142555244,0.9088566697221017,2
4,3,3,2,2,1.3107137810050962,0.4548412025817643,3
3,2,4,3,3,1.7609501776843648,-0.29458192650020676,3
4,2,3,2,3,1.5312441041527847,-0.32951786596238125,3
3,2,5,1,1,-1.1926543869486923,1.7238922800126308,1
5,1,5,1,1,-0.9452349285118093,1.9659730102539656,2
3,2,3,1,2,-0.3013865395013191,-0.03093607103824266,3
2,2,4,2,2,-0.0716804659697391,0.003999868423931804,3
5,2,5,2,2,1.030221328053223,1.7776825985991132,3
3,1,4,1,1,-1.6568916511869602,0.5446623935894053,1
3,2,3,1,1,-1.0549875469077477,0.29075950072599516,2
2,1,5,2,2,-0.6735845702489514,0.25790276128734174,3
2,2,2,2,1,-0.6876146333352229,-1.1074373390984658,4
3,3,5,1,1,-0.6595837026899521,2.1865557767925385,2
3,2,4,2,2,0.31856460537807235,0.35637198193455305,2
2,2,4,2,1,-0.8252814733761675,0.32569544018816965,2
3,2,4,1,1,-1.12382096692822,1.007325890369313,2
3,2,3,1,1,-1.0549875469077477,0.29075950072599516,2
3,2,4,2,2,0.31856460537807235,0.35637198193455305,3
2,1,4,1,1,-2.0471367225347716,0.19229028007878393,2
5,1,3,2,2,0.6348174838354277,-0.11811367746742973,3
2,1,2,2,2,-0.4670843101875345,-1.8917964076426115,2
2,2,2,2,2,0.06598637407120558,-1.4291329108627038,3
3,2,4,2,2,0.31856460537807235,0.35637198193455305,3
4,3,2,4,4,4.264318345638153,-1.563633003931073,4
3,1,2,3,2,0.6119453260601408,-1.8686826308025122,4
3,3,5,1,1,-0.6595837026899521,2.1865557767925385,2
3,3,4,3,3,2.2940208619431046,0.16808157027970091,3
2,1,3,3,2,0.15286683469185697,-1.5044883546698158,2
3,2,3,2,2,0.3873980253985447,-0.3601944077087647,3
1,1,5,1,1,-2.5062152139030553,0.5564845562114805,1
2,2,3,2,2,-0.0028470459492667376,-0.7125665212193858,3
1,2,3,1,1,-1.8354776896033707,-0.4139847262952473,2
4,2,2,3,1,0.781660074260264,-0.7319514487477452,3
2,2,2,1,1,-1.376399198235087,-0.7781790024279437,2
2,3,4,2,1,-0.2922107891174276,0.7883589369680774,3
3,2,5,2,2,0.24973118535760008,1.0729383715778706,3
2,2,3,2,1,-0.7564480533556952,-0.390870949455148,3
3,2,3,2,2,0.3873980253985447,-0.3601944077087647,3
4,2,3,1,1,-0.6647424755599362,0.6431316142366166,3
3,1,3,3,1,-0.21048910136676005,-0.8304206693949564,3
1,1,5,2,1,-1.8174306490031915,0.22722621954095854,2
2,5,1,2,2,1.734031846867898,-0.7577088101662982,4
3,1,5,1,1,-1.7257250712074326,1.2612287832327231,1
3,2,2,2,2,0.45623144541901706,-1.0767607973520823,2
2,2,4,2,2,-0.0716804659697391,0.003999868423931804,3
1,1,5,1,1,-2.5062152139030553,0.5564845562114805,1
4,1,3,2,2,0.24457241248761613,-0.47048579097805104,2
1,1,3,1,1,-2.3685483738621107,-0.8766482230751548,2
1,1,1,1,1,-2.230881533821166,-2.3097810023617904,1
2,2,3,1,1,-1.4452326182555593,-0.061612612784626035,4
4,2,1,3,1,0.8504934942807363,-1.4485178383910629,3
1,1,5,2,1,-1.8174306490031915,0.22722621954095854,2
3,1,2,2,2,-0.07683923883972305,-1.5394242941319902,1
4,2,2,2,2,0.8464765167668286,-0.724388683841461,3
3,2,3,1,1,-1.0549875469077477,0.29075950072599516,3
5,2,1,4,3,3.4367251453412684,-2.0687952050794394,5
4,4,3,2,2,1.8437844652638362,0.9175046993616719,3
2,1,3,1,2,-1.2247022951078708,-0.8459716813287717,2
5,1,4,2,1,-0.1876169435914732,0.9201482839401258,2
5,3,1,3,2,2.5274102572937163,-0.9551777998647716,6
3,2,4,4,4,3.203335749990657,-0.9455358349349665,7
5,4,5,5,3,4.916317398676723,1.3935390103831247,5
2,1,5,1,1,-2.115970142555244,0.9088566697221017,2
2,1,3,2,2,-0.5359177302080068,-1.1752300179992938,3
4,2,5,2,2,0.6399762567054116,1.425310485088492,3
3,2,3,2,1,-0.3662029820078838,-0.03849883594452679,3
1,2,2,2,1,-1.0778597046830345,-1.459809452609087,2
4,3,3,2,2,1.3107137810050962,0.4548412025817643,4
3,1,5,1,1,-1.7257250712074326,1.2612287832327231,1
2,2,3,2,1,-0.7564480533556952,-0.390870949455148,2
3,2,4,2,2,0.31856460537807235,0.35637198193455305,2
2,2,3,2,1,-0.7564480533556952,-0.390870949455148,4
4,2,5,1,1,-0.8024093156008808,2.076264393523252,2
3,1,3,2,2,-0.14567265886019537,-0.8228579044886722,2
4,3,4,3,4,3.4378669406973446,0.19875811202608448,5
2,1,1,2,2,-0.39825089016706217,-2.6083627972859293,3
3,2,4,2,2,0.31856460537807235,0.35637198193455305,3
4,4,2,3,4,4.108604464997029,-0.7717111704806435,5
3,1,2,2,2,-0.07683923883972305,-1.5394242941319902,2
5,1,3,1,1,-0.8075680884708647,0.5328402309673301,3
2,1,2,1,2,-1.1558688750873984,-1.5625380709720893,1
4,3,2,2,2,1.3795472010255685,-0.2617251870615535,3
3,2,3,2,2,0.3873980253985447,-0.3601944077087647,2
2,1,4,2,2,-0.6047511502284791,-0.45866362835597596,2
3,3,3,2,2,0.9204687096572848,0.10246908907114305,4
3,3,4,2,2,0.8516352896368125,0.8190354787144608,4
5,4,3,2,2,2.2340295366116476,1.269876812872293,2
4,2,5,2,2,0.6399762567054116,1.425310485088492,1
4,1,5,4,4,2.991676717059256,-0.3392608285609353,4
3,1,1,2,1,-0.7616068262256792,-1.9342951120110696,1
2,2,4,2,1,-0.8252814733761675,0.32569544018816965,1
3,2,3,3,2,1.0761825902984086,-0.6894527443792865,4
3,2,3,2,1,-0.3662029820078838,-0.03849883594452679,2
3,2,4,2,2,0.31856460537807235,0.35637198193455305,4
5,2,5,1,1,-0.41216424425306925,2.428636507033873,3
2,2,4,4,2,1.3058886638299885,-0.6545168049171121,2
2,2,3,2,2,-0.0028470459492667376,-0.7125665212193858,3
3,1,4,1,1,-1.6568916511869602,0.5446623935894053,2
2,2,3,2,2,-0.0028470459492667376,-0.7125665212193858,1
3,2,3,1,1,-1.0549875469077477,0.29075950072599516,1
3,1,3,2,2,-0.14567265886019537,-0.8228579044886722,3
3,2,5,1,2,-0.43905337954226376,1.4021967082483928,1
3,2,3,1,1,-1.0549875469077477,0.29075950072599516,3
4,4,2,2,2,1.9126178852843085,0.20093830971835414,5
5,3,4,2,1,0.8785244249260069,1.8454752774999412,3
4,2,4,3,3,2.151195249032176,0.057790187010414586,4
2,1,3,2,2,-0.5359177302080068,-1.1752300179992938,2
2,2,4,2,1,-0.8252814733761675,0.32569544018816965,2
3,2,4,2,3,1.072165612784501,0.03467641017031523,3
2,2,3,2,2,-0.0028470459492667376,-0.7125665212193858,3
2,2,5,1,1,-1.582899458296504,1.3715201665020096,2
4,3,3,2,1,0.5571127735986678,0.7765367743460022,3
4,1,2,2,1,-0.4401951748983401,-0.8653566088571311,3
3,2,3,1,1,-1.0549875469077477,0.29075950072599516,2
2,2,4,2,1,-0.8252814733761675,0.32569544018816965,2
3,2,5,2,2,0.24973118535760008,1.0729383715778706,1
5,1,5,1,1,-0.9452349285118093,1.9659730102539656,2
4,2,4,2,3,1.4624106841323123,0.3870485236809365,2
3,2,3,1,2,-0.3013865395013191,-0.03093607103824266,3
3,2,3,2,2,0.3873980253985447,-0.3601944077087647,3
3,2,3,2,2,0.3873980253985447,-0.3601944077087647,3
5,3,3,2,2,1.7009588523529076,0.8072133160923858,4
2,1,2,2,2,-0.4670843101875345,-1.8917964076426115,2
3,1,2,2,2,-0.07683923883972305,-1.5394242941319902,2
3,3,5,1,1,-0.6595837026899521,2.1865557767925385,4
3,1,4,2,2,-0.2145060788806677,-0.1062915148453546,3
1,2,1,1,1,-1.697810849562426,-1.8471175055818827,1
2,2,4,1,1,-1.5140660382760316,0.6549537768586917,2
3,1,3,1,1,-1.588058231166488,-0.1719039960539125,2
2,2,2,1,1,-1.376399198235087,-0.7781790024279437,3
4,2,3,2,2,0.7776430967463562,-0.007822294198143334,1
2,2,2,2,1,-0.6876146333352229,-1.1074373390984658,2
2,3,5,1,2,-0.2962277666313352,1.5124880915176793,5
4,1,3,2,1,-0.5090285949188124,-0.14879021921381314,2
3,1,3,2,2,-0.14567265886019537,-0.8228579044886722,2
2,2,3,2,1,-0.7564480533556952,-0.390870949455148,3
4,2,3,2,2,0.7776430967463562,-0.007822294198143334,3
2,1,3,2,2,-0.5359177302080068,-1.1752300179992938,2
2,1,4,1,2,-1.293535715128343,-0.12940529168545395,2
3,2,5,2,2,0.24973118535760008,1.0729383715778706,2
1,1,3,1,1,-2.3685483738621107,-0.8766482230751548,2
4,1,5,1,2,-0.5818789924531924,1.2919053249791064,3
4,1,4,2,1,-0.5778620149392847,0.5677761704295046,2
2,1,2,2,2,-0.4670843101875345,-1.8917964076426115,2
2,2,2,1,1,-1.376399198235087,-0.7781790024279437,3
2,1,3,1,1,-1.9783033025142993,-0.5242761095645339,2
3,2,5,3,2,0.9385157502574639,0.7436800349073489,3
4,2,3,2,2,0.7776430967463562,-0.007822294198143334,3
3,2,3,2,2,0.3873980253985447,-0.3601944077087647,3
3,2,5,2,2,0.24973118535760008,1.0729383715778706,3
2,2,5,1,1,-1.582899458296504,1.3715201665020096,1
3,2,2,2,1,-0.2973695619874115,-0.7550652255878445,2
3,3,3,2,2,0.9204687096572848,0.10246908907114305,4
2,1,3,1,1,-1.9783033025142993,-0.5242761095645339,1
2,2,4,2,2,-0.0716804659697391,0.003999868423931804,2
2,1,3,2,2,-0.5359177302080068,-1.1752300179992938,2
3,1,3,2,1,-0.8992736662666239,-0.5011623327244344,3
3,1,2,3,2,0.6119453260601408,-1.8686826308025122,5
2,1,3,1,1,-1.9783033025142993,-0.5242761095645339,3
5,4,3,2,2,2.2340295366116476,1.269876812872293,3
4,1,4,2,2,0.1757389924671438,0.24608059866526671,3
2,1,4,2,2,-0.6047511502284791,-0.45866362835597596,2
3,1,2,2,2,-0.07683923883972305,-1.5394242941319902,4
4,1,2,2,2,0.3134058325080884,-1.187052180621369,2
4,2,3,2,2,0.7776430967463562,-0.007822294198143334,4
2,2,5,2,2,-0.14051388599021142,0.7205662580672496,3
5,4,4,4,4,5.04996726120376,0.6845353856460914,4
2,2,4,1,1,-1.5140660382760316,0.6549537768586917,2
2,1,4,2,2,-0.6047511502284791,-0.45866362835597596,2
1,1,2,2,2,-0.8573293815353459,-2.2441685211532327,2
4,1,2,2,3,1.067006839914517,-1.5087477523856068,3
4,2,3,1,1,-0.6647424755599362,0.6431316142366166,2
4,3,5,2,2,1.1730469409641517,1.8879739818683996,3
2,1,3,2,2,-0.5359177302080068,-1.1752300179992938,2
3,2,4,2,2,0.31856460537807235,0.35637198193455305,3
3,2,2,4,1,1.0801995678123162,-1.4135818989288884,5
3,2,3,1,1,-1.0549875469077477,0.29075950072599516,3
4,4,2,2,2,1.9126178852843085,0.20093830971835414,5
3,1,4,3,3,1.2278794934256245,-0.7572454232801143,3
4,2,4,2,1,-0.044791330680544666,1.0304396672094123,1
5,2,5,1,1,-0.41216424425306925,2.428636507033873,3
5,2,3,4,2,2.545457297893895,-0.31396685402856617,3
1,1,4,1,1,-2.437381793882583,-0.16008183343183724,2
4,2,3,2,1,0.024042089339927717,0.3138732775660945,3
3,1,4,1,1,-1.6568916511869602,0.5446623935894053,2
3,2,4,2,1,-0.43503640202835614,0.678067553698791,2
5,2,3,2,2,1.1678881680941677,0.3445498193124778,1
4,2,2,2,1,0.09287550936040004,-0.40269311207722325,3
2,1,5,2,2,-0.6735845702489514,0.25790276128734174,1
5,2,3,2,2,1.1678881680941677,0.3445498193124778,3
2,2,3,2,1,-0.7564480533556952,-0.390870949455148,3
3,1,2,2,3,0.6767617685667056,-1.861119865896228,3
3,2,1,4,3,2.6562350026456456,-2.773539432100682,4
2,2,3,2,2,-0.0028470459492667376,-0.7125665212193858,3
3,2,3,2,2,0.3873980253985447,-0.3601944077087647,4
2,3,3,2,2,0.5302236383094733,-0.24990302443947823,3
3,1,5,2,3,0.47026150850528853,0.2885793030337252,4
4,4,5,4,4,4.590888769835476,1.0487296617787876,3
1,1,5,2,2,-1.063829641596763,-0.09446935222327935,2
2,2,2,2,2,0.06598637407120558,-1.4291329108627038,3
3,2,4,2,2,0.31856460537807235,0.35637198193455305,3
4,5,4,3,2,2.996806294401968,1.7674762491143756,7
3,2,2,2,2,0.45623144541901706,-1.0767607973520823,3
3,1,3,2,2,-0.14567265886019537,-0.8228579044886722,2
2,2,5,2,2,-0.14051388599021142,0.7205662580672496,2
3,1,3,2,2,-0.14567265886019537,-0.8228579044886722,3
3,2,2,3,2,1.145016010318881,-1.4060191340226045,5
2,1,5,2,2,-0.6735845702489514,0.25790276128734174,2
3,2,4,2,1,-0.43503640202835614,0.678067553698791,3
2,3,2,3,3,2.041442630636238,-1.6174233225175558,3
4,3,5,1,1,-0.2693386313421407,2.5389278903031594,2
5,1,5,3,3,1.9395362161007752,0.6640651933844457,1
2,1,4,2,1,-1.3583521576349078,-0.13696805659173805,3
4,2,1,2,2,0.9153099367873009,-1.440955073484779,3
2,2,4,2,2,-0.0716804659697391,0.003999868423931804,3
2,1,2,2,1,-1.2206853175939631,-1.5701008358783735,3
4,3,4,2,3,1.9954813683910524,0.8497120204608442,2
2,1,5,1,1,-2.115970142555244,0.9088566697221017,1
3,1,2,2,1,-0.8304402462461515,-1.2177287223677522,2
3,2,4,2,1,-0.43503640202835614,0.678067553698791,2
1,1,2,2,2,-0.8573293815353459,-2.2441685211532327,3
4,1,4,2,2,0.1757389924671438,0.24608059866526671,2
5,4,5,2,1,1.3427616891642744,3.024705163923166,3
3,1,4,2,3,0.5390949285257609,-0.4279870866095925,3
3,1,2,2,2,-0.07683923883972305,-1.5394242941319902,3
4,3,5,1,1,-0.2693386313421407,2.5389278903031594,3
3,1,4,2,1,-0.9681070862870962,0.21540405691888329,2
5,2,5,1,1,-0.41216424425306925,2.428636507033873,2
2,1,2,2,1,-1.2206853175939631,-1.5701008358783735,2
3,2,3,2,1,-0.3662029820078838,-0.03849883594452679,3
3,2,3,1,1,-1.0549875469077477,0.29075950072599516,2
5,5,5,2,2,2.6294333808294432,3.1656730889388363,4
5,2,1,2,1,0.5519540007286838,-0.7668873882099196,5
3,1,2,3,3,1.3655463334665692,-2.19037820256675,3
4,2,3,3,3,2.2200286690526485,-0.6587762026329032,3
2,2,4,3,2,0.6171040989301247,-0.3252584682465902,3
2,2,3,2,2,-0.0028470459492667376,-0.7125665212193858,3
3,2,4,2,1,-0.43503640202835614,0.678067553698791,3
2,2,4,2,1,-0.8252814733761675,0.32569544018816965,2
2,3,3,2,1,-0.2233773690969553,0.07179254732475963,4
2,2,3,2,2,-0.0028470459492667376,-0.7125665212193858,4
4,2,3,4,4,3.662414241358941,-1.309730111067663,3
1,1,3,2,2,-0.9261628015558182,-1.5276021315099149,2
3,1,2,1,1,-1.5192248111460156,-0.8884703856972301,3
3,2,3,4,4,3.2721691700111295,-1.6621022245782844,2
4,3,4,2,1,0.4882793535781954,1.49310316398932,3
2,1,2,2,2,-0.4670843101875345,-1.8917964076426115,2
4,1,3,2,1,-0.5090285949188124,-0.14879021921381314,3
3,2,3,2,1,-0.3662029820078838,-0.03849883594452679,2
4,2,4,2,2,0.7088096767258839,0.7087440954451745,3
3,2,2,3,2,1.145016010318881,-1.4060191340226045,3
1,1,3,1,1,-2.3685483738621107,-0.8766482230751548,1
4,3,1,2,2,1.4483806210460408,-0.978291576704871,3
3,3,3,2,2,0.9204687096572848,0.10246908907114305,3
5,2,5,2,2,1.030221328053223,1.7776825985991132,2
2,1,2,2,1,-1.2206853175939631,-1.5701008358783735,3
3,1,3,2,2,-0.14567265886019537,-0.8228579044886722,3
2,1,3,2,1,-1.2895187376144355,-0.8535344462350559,2
2,2,5,1,2,-0.8292984508900753,1.0498245947377716,1
3,2,3,1,1,-1.0549875469077477,0.29075950072599516,3
3,2,3,2,2,0.3873980253985447,-0.3601944077087647,4
4,2,2,2,1,0.09287550936040004,-0.40269311207722325,3
3,1,3,1,1,-1.588058231166488,-0.1719039960539125,3
3,2,3,3,2,1.0761825902984086,-0.6894527443792865,5
3,2,3,1,1,-1.0549875469077477,0.29075950072599516,3
3,1,4,1,2,-0.9032906437805316,0.22296682182516742,2
3,1,4,2,2,-0.2145060788806677,-0.1062915148453546,3
1,1,3,1,1,-2.3685483738621107,-0.8766482230751548,3
2,1,3,2,2,-0.5359177302080068,-1.1752300179992938,2
4,2,3,2,2,0.7776430967463562,-0.007822294198143334,4
2,2,3,2,2,-0.0028470459492667376,-0.7125665212193858,3
3,1,5,2,1,-1.0369405063075685,0.931970446562201,2
3,3,3,2,2,0.9204687096572848,0.10246908907114305,3
3,2,5,1,1,-1.1926543869486923,1.7238922800126308,1
1,1,4,2,2,-0.9949962215762905,-0.811035741866597,2
3,1,4,2,1,-0.9681070862870962,0.21540405691888329,1
4,1,3,4,2,1.6221415422873438,-1.129002464319095,3
1,1,5,1,1,-2.5062152139030553,0.5564845562114805,1
3,2,3,3,2,1.0761825902984086,-0.6894527443792865,3
3,2,3,2,2,0.3873980253985447,-0.3601944077087647,2
1,1,3,1,1,-2.3685483738621107,-0.8766482230751548,2
3,1,2,1,1,-1.5192248111460156,-0.8884703856972301,3
5,2,5,2,2,1.030221328053223,1.7776825985991132,3
2,1,3,2,2,-0.5359177302080068,-1.1752300179992938,3
5,1,4,3,3,2.0083696361212477,-0.05250119625887186,2
2,1,4,1,2,-1.293535715128343,-0.12940529168545395,1
3,2,2,2,2,0.45623144541901706,-1.0767607973520823,3
1,1,3,1,1,-2.3685483738621107,-0.8766482230751548,2
3,2,5,1,1,-1.1926543869486923,1.7238922800126308,2
2,2,4,5,4,3.5018752435427096,-1.62716628511611,4
2,1,2,1,1,-1.909469882493827,-1.2408424992078513,1
2,1,1,1,1,-1.8406364624733547,-1.9574088888511694,2
3,4,4,2,2,1.3847059738955523,1.2816989754943684,3
3,1,3,2,1,-0.8992736662666239,-0.5011623327244344,2
4,3,4,2,1,0.4882793535781954,1.49310316398932,4
4,1,3,2,2,0.24457241248761613,-0.47048579097805104,3
4,1,2,2,2,0.3134058325080884,-1.187052180621369,2
3,2,4,2,2,0.31856460537807235,0.35637198193455305,2
4,3,4,3,3,2.6842659332909165,0.5204536837903223,4
5,2,4,1,1,-0.34333082423259703,1.7120701173905557,3
2,2,3,3,3,1.4395385263570255,-1.3635204296541457,3
3,2,3,4,2,1.7649671551982724,-1.0187110810498086,3
3,3,3,2,2,0.9204687096572848,0.10246908907114305,3
3,1,4,3,2,0.47427848601919614,-0.4355498515158766,3
2,2,3,2,2,-0.0028470459492667376,-0.7125665212193858,3
1,2,5,1,1,-1.9731445296443153,1.019148052991388,1
3,2,3,2,2,0.3873980253985447,-0.3601944077087647,2
2,1,3,1,3,-0.47110128770144216,-1.1676672530930094,2
2,1,3,2,2,-0.5359177302080068,-1.1752300179992938,3
4,2,4,2,2,0.7088096767258839,0.7087440954451745,3
2,1,3,1,1,-1.9783033025142993,-0.5242761095645339,1
3,2,3,2,1,-0.3662029820078838,-0.03849883594452679,3
5,4,2,3,2,2.9916475215319838,0.22405208655845338,5
2,2,4,2,2,-0.0716804659697391,0.003999868423931804,3
3,1,3,2,1,-0.8992736662666239,-0.5011623327244344,2
3,3,3,2,2,0.9204687096572848,0.10246908907114305,3
2,2,5,2,1,-0.8941148933966399,1.0422618298314874,2
2,1,2,2,2,-0.4670843101875345,-1.8917964076426115,3
3,2,3,2,2,0.3873980253985447,-0.3601944077087647,3
5,1,5,3,2,1.1859352086943467,0.9857607651486836,3
3,1,3,1,1,-1.588058231166488,-0.1719039960539125,2
1,1,4,2,1,-1.7485972289827192,-0.4893401701023592,3
3,2,3,2,2,0.3873980253985447,-0.3601944077087647,4
2,1,3,1,1,-1.9783033025142993,-0.5242761095645339,1
2,1,3,3,3,0.9064678420982856,-1.8261839264340536,2
2,2,5,1,2,-0.8292984508900753,1.0498245947377716,2
3,2,3,2,2,0.3873980253985447,-0.3601944077087647,4
2,2,3,1,1,-1.4452326182555593,-0.061612612784626035,2
4,1,4,3,3,1.6181245647734361,-0.40487330976949315,3
2,1,5,1,1,-2.115970142555244,0.9088566697221017,2
3,3,4,2,1,0.09803428223038393,1.1407310504786987,4
2,2,5,2,2,-0.14051388599021142,0.7205662580672496,1
4,2,3,1,2,0.08885853184649234,0.3214360424723786,3
4,2,3,2,2,0.7776430967463562,-0.007822294198143334,1
2,1,4,1,2,-1.293535715128343,-0.12940529168545395,1
3,2,2,1,1,-0.9861541268872753,-0.42580688891732255,4
3,3,4,3,3,2.2940208619431046,0.16808157027970091,2
2,1,3,2,1,-1.2895187376144355,-0.8535344462350559,2
3,1,3,1,1,-1.588058231166488,-0.1719039960539125,1
4,2,4,3,2,1.3975942416257476,0.3794857587746524,3
3,2,4,2,2,0.31856460537807235,0.35637198193455305,3
2,1,4,1,1,-2.0471367225347716,0.19229028007878393,2
4,4,5,2,2,1.7061176252228916,2.350637478648307,4
4,1,4,1,1,-1.2666465798391486,0.8970345071000265,2
2,1,3,2,2,-0.5359177302080068,-1.1752300179992938,2
5,2,3,2,2,1.1678881680941677,0.3445498193124778,3
3,2,3,1,1,-1.0549875469077477,0.29075950072599516,2
4,1,3,1,1,-1.1978131598186763,0.18046811745670885,2
2,1,3,1,1,-1.9783033025142993,-0.5242761095645339,2
3,2,2,3,2,1.145016010318881,-1.4060191340226045,4
4,1,3,4,3,2.3757425496937725,-1.4506980360833328,2
3,3,2,2,2,0.9893021296777571,-0.6140973005721747,2
4,2,1,2,2,0.9153099367873009,-1.440955073484779,2
3,1,3,1,1,-1.588058231166488,-0.1719039960539125,2
4,1,4,1,1,-1.2666465798391486,0.8970345071000265,1
4,1,3,1,1,-1.1978131598186763,0.18046811745670885,2
3,1,5,1,1,-1.7257250712074326,1.2612287832327231,2
4,2,3,2,2,0.7776430967463562,-0.007822294198143334,3
3,2,4,2,2,0.31856460537807235,0.35637198193455305,2
5,2,5,4,2,2.407790457852951,1.1191659252580692,4
2,2,4,2,2,-0.0716804659697391,0.003999868423931804,3
4,2,5,2,1,-0.11362475070101699,1.74700605685273,3
2,2,3,2,2,-0.0028470459492667376,-0.7125665212193858,3
5,2,2,1,1,-0.20566398419165235,0.2789373381039199,2
3,2,3,1,2,-0.3013865395013191,-0.03093607103824266,3
4,2,2,2,1,0.09287550936040004,-0.40269311207722325,3
3,2,3,1,1,-1.0549875469077477,0.29075950072599516,3
3,2,2,2,2,0.45623144541901706,-1.0767607973520823,4
3,1,3,2,2,-0.14567265886019537,-0.8228579044886722,3
2,2,3,1,2,-0.6916316108491306,-0.38330818454886395,2
2,1,3,2,1,-1.2895187376144355,-0.8535344462350559,3
3,2,3,3,2,1.0761825902984086,-0.6894527443792865,3
3,1,3,4,2,1.2318964709395324,-1.4813745778297163,3
5,1,3,1,1,-0.8075680884708647,0.5328402309673301,3
2,1,3,1,1,-1.9783033025142993,-0.5242761095645339,3
3,1,4,1,2,-0.9032906437805316,0.22296682182516742,3
5,2,2,2,2,1.2367215881146398,-0.37201657033083996,6
5,2,2,2,2,1.2367215881146398,-0.37201657033083996,3
2,1,3,2,2,-0.5359177302080068,-1.1752300179992938,3
4,2,3,2,1,0.024042089339927717,0.3138732775660945,2
2,1,2,1,1,-1.909469882493827,-1.2408424992078513,2
4,2,4,2,1,-0.044791330680544666,1.0304396672094123,3
3,2,3,2,2,0.3873980253985447,-0.3601944077087647,3
5,1,4,2,2,0.5659840638149554,0.598452712175888,3
2,2,3,1,2,-0.6916316108491306,-0.38330818454886395,2
2,1,4,2,2,-0.6047511502284791,-0.45866362835597596,2
3,3,5,1,1,-0.6595837026899521,2.1865557767925385,2
4,3,1,3,2,2.137165185945905,-1.3075499133753932,4
3,1,3,1,1,-1.588058231166488,-0.1719039960539125,2
3,2,4,2,2,0.31856460537807235,0.35637198193455305,3
3,2,4,2,2,0.31856460537807235,0.35637198193455305,3
3,1,4,1,1,-1.6568916511869602,0.5446623935894053,1
3,1,3,2,2,-0.14567265886019537,-0.8228579044886722,3
4,2,5,2,1,-0.11362475070101699,1.74700605685273,2
5,1,3,2,1,-0.11878352357100089,0.20358189429680815,3
4,2,4,1,1,-0.7335758955804085,1.3596980038799344,2
4,1,4,2,2,0.1757389924671438,0.24608059866526671,2
5,1,1,2,2,0.7724843238763723,-1.5512464567540654,2
3,1,3,3,3,1.2967129134460968,-1.473811812923432,3
2,2,4,2,2,-0.0716804659697391,0.003999868423931804,2
3,3,2,2,1,0.23570112227132858,-0.2924017288079369,3
4,2,3,2,2,0.7776430967463562,-0.007822294198143334,3
2,1,3,2,2,-0.5359177302080068,-1.1752300179992938,2
3,2,3,2,1,-0.3662029820078838,-0.03849883594452679,2
5,3,3,1,2,1.0121742874530437,1.1364716527629077,3
2,1,2,1,2,-1.1558688750873984,-1.5625380709720893,1
2,1,2,1,1,-1.909469882493827,-1.2408424992078513,2
3,2,4,1,2,-0.37021995952179143,0.6856303186050752,2
3,2,2,3,2,1.145016010318881,-1.4060191340226045,4
3,1,5,2,2,-0.28333949890113996,0.6102748747979632,2
3,2,3,2,2,0.3873980253985447,-0.3601944077087647,3
3,2,2,2,2,0.45623144541901706,-1.0767607973520823,2
4,2,3,2,2,0.7776430967463562,-0.007822294198143334,3
1,1,5,2,2,-1.063829641596763,-0.09446935222327935,1
3,2,5,1,1,-1.1926543869486923,1.7238922800126308,3
2,2,4,1,2,-0.7604650308696029,0.33325820509445375,3
5,4,5,1,1,0.6539771242644108,3.353963500593688,3
3,2,3,3,1,0.32258158289198,-0.3677571726150487,3
4,2,4,2,2,0.7088096767258839,0.7087440954451745,3
3,2,3,2,2,0.3873980253985447,-0.3601944077087647,2
5,5,5,5,5,6.95659009774832,1.212811363634557,5
3,2,3,2,2,0.3873980253985447,-0.3601944077087647,3
2,4,4,2,2,0.994460902547741,0.929326861983747,3
3,2,4,2,1,-0.43503640202835614,0.678067553698791,3
3,2,2,2,2,0.45623144541901706,-1.0767607973520823,3
3,2,4,1,1,-1.12382096692822,1.007325890369313,2
2,1,5,1,1,-2.115970142555244,0.9088566697221017,1
5,3,2,3,2,2.458576837273244,-0.23861141022145407,5
4,2,3,2,3,1.5312441041527847,-0.32951786596238125,2
4,1,5,2,1,-0.646695434959757,1.2843425600728222,1
1,1,3,1,1,-2.3685483738621107,-0.8766482230751548,2
1,1,4,2,2,-0.9949962215762905,-0.811035741866597,2
2,1,3,1,1,-1.9783033025142993,-0.5242761095645339,2
2,2,2,1,1,-1.376399198235087,-0.7781790024279437,2
3,1,2,2,1,-0.8304402462461515,-1.2177287223677522,3
5,2,4,3,2,1.787839312973559,0.7318578722852738,4
1,1,5,2,2,-1.063829641596763,-0.09446935222327935,2
2,2,4,1,1,-1.5140660382760316,0.6549537768586917,2
4,1,2,2,2,0.3134058325080884,-1.187052180621369,3
4,2,4,2,2,0.7088096767258839,0.7087440954451745,3
3,2,4,2,2,0.31856460537807235,0.35637198193455305,3
4,1,3,2,2,0.24457241248761613,-0.47048579097805104,2
5,5,5,1,1,1.1870478085231506,3.816626997373596,4
2,1,3,1,1,-1.9783033025142993,-0.5242761095645339,2
3,1,3,2,1,-0.8992736662666239,-0.5011623327244344,1
3,2,4,2,2,0.31856460537807235,0.35637198193455305,3
5,2,4,2,2,1.0990547480736954,1.0611162089557955,3
3,2,2,2,2,0.45623144541901706,-1.0767607973520823,2
5,2,3,3,3,2.61027374040046,-0.306404089122282,3
4,3,3,2,2,1.3107137810050962,0.4548412025817643,2
4,1,4,2,1,-0.5778620149392847,0.5677761704295046,2
3,2,3,2,2,0.3873980253985447,-0.3601944077087647,3
2,2,3,3,3,1.4395385263570255,-1.3635204296541457,3
3,2,2,2,2,0.45623144541901706,-1.0767607973520823,3
2,2,4,2,1,-0.8252814733761675,0.32569544018816965,2
3,1,3,2,2,-0.14567265886019537,-0.8228579044886722,4
2,2,4,2,2,-0.0716804659697391,0.003999868423931804,3
1,1,5,1,1,-2.5062152139030553,0.5564845562114805,1
2,1,4,2,2,-0.6047511502284791,-0.45866362835597596,3
4,2,3,1,1,-0.6647424755599362,0.6431316142366166,1
3,2,4,2,2,0.31856460537807235,0.35637198193455305,3
3,3,3,2,1,0.16686770225085626,0.4241646608353809,3
4,4,5,2,2,1.7061176252228916,2.350637478648307,4
3,3,3,2,1,0.16686770225085626,0.4241646608353809,4
3,2,5,3,1,0.1849147428510354,1.0653756066715867,3
